Unicode,Glyph Name,Character
0021,exclamation,!
0022,ditto,""""
0023,hashtag,#
0024,dollar-sign,$
0025,percent,%
0026,ampersand,&
0027,apostrophe,'
0028,bracket-round,(
0029,bracket-round-right,)
002a,asterisk,*
002b,plus,+
002c,comma,","
002d,hyphen,-
002e,period,.
002f,slash-forward,/
0030,0,0
0031,1,1
0032,2,2
0033,3,3
0034,4,4
0035,5,5
0036,6,6
0037,7,7
0038,8,8
0039,9,9
003a,colon,:
003b,semicolon,;
003c,less-than,<
003d,equals,=
003e,greater-than,>
003f,question,?
0040,at,@
0041,a,A
0042,b,B
0043,c,C
0044,d,D
0045,e,E
0046,f,F
0047,g,G
0048,h,H
0049,i,I
004a,j,J
004b,k,K
004c,l,L
004d,m,M
004e,n,N
004f,o,O
0050,p,P
0051,q,Q
0052,r,R
0053,s,S
0054,t,T
0055,u,U
0056,v,V
0057,w,W
0058,x,X
0059,y,Y
005a,z,Z
005b,bracket-square,[
005c,slash-back,\
005d,bracket-square-right,]
0060,accent-grave,`
0061,a,a
0062,b,b
0063,c,c
0064,d,d
0065,e,e
0066,f,f
0067,g,g
0068,h,h
0069,i,i
006a,j,j
006b,k,k
006c,l,l
006d,m,m
006e,n,n
006f,o,o
0070,p,p
0071,q,q
0072,r,r
0073,s,s
0074,t,t
0075,u,u
0076,v,v
0077,w,w
0078,x,x
0079,y,y
007a,z,z
007b,bracket-curly,{
007c,pipe,|
007d,bracket-curly-right,}
007e,tilde,~
00a3,sterling-sign,£
00a5,yen-sign,¥
00a9,copyright,©
00ab,angles-left,«
00ae,registered,®
00b6,paragraph,¶
00bb,angles-right,»
00d7,xmark,×
00d8,empty-set,Ø
00f7,divide,÷
2013,minus,–
2015,horizontal-rule,―
201c,quote-left,“
201d,quote-right,”
2039,angle-left,‹
203a,angle-right,›
203d,interrobang,‽
20a4,lira-sign,₤
20a8,rupee-sign,₨
20a9,won-sign,₩
20aa,shekel-sign,₪
20ac,euro-sign,€
20b4,hryvnia-sign,₴
20b8,tenge-sign,₸
20bd,ruble-sign,₽
2122,trademark,™
2139,square-info,ℹ
2190,arrow-left,←
2191,arrow-up,↑
2192,arrow-right,→
2193,arrow-down,↓
2194,left-right,↔
2195,up-down,↕
2197,square-up-right,↗
21a4,arrow-left-from-line,↤
21a5,arrow-up-from-line,↥
21a6,arrow-right-from-line,↦
21a7,arrow-down-from-line,↧
21ba,arrow-rotate-left,↺
21bb,arrow-rotate-right,↻
21c4,arrow-right-arrow-left,⇄
21e4,arrow-left-to-line,⇤
21e5,arrow-right-to-line,⇥
2205,empty-set,∅
2211,sigma,∑
2212,minus,−
221a,square-root,√
221e,infinity,∞
223f,wave-sine,∿
22c2,intersection,⋂
22c3,union,⋃
2303,angle-up,⌃
2304,angle-down,⌄
231a,watch,⌚
231b,hourglass-end,⌛
2328,keyboard,⌨
2329,chevron-left,〈
232a,chevron-right,〉
232b,delete-left,⌫
2399,print,⎙
23cf,eject,⏏
23e9,forward,⏩
23ea,backward,⏪
23ed,forward-fast,⏭
23ee,backward-fast,⏮
23f0,alarm-clock,⏰
23f1,stopwatch,⏱
23f3,hourglass,⏳
23f8,pause,⏸
23f9,stop,⏹
23fb,power-off,⏻
23fe,moon,⏾
24bd,circle-h,Ⓗ
25a0,square,■
25ac,rectangle,▬
25b2,triangle,▲
25b6,play,▶
25cf,circle,●
25d0,circle-half-stroke,◐
25fb,square,◻
25fc,square,◼
2600,sun,☀
2601,cloud,☁
2603,snowman,☃
2604,meteor,☄
260e,phone-rotary,☎
2611,square-check,☑
2615,mug-hot,☕
261d,hand-point-up,☝
2620,skull-crossbones,☠
2622,circle-radiation,☢
2623,biohazard,☣
2625,ankh,☥
262a,star-and-crescent,☪
262c,khanda,☬
262e,peace,☮
262f,yin-yang,☯
2638,dharmachakra,☸
2639,face-frown,☹
263f,mercury,☿
2640,venus,♀
2642,mars,♂
265a,chess-king,♚
265b,chess-queen,♛
265c,chess-rook,♜
265d,chess-bishop,♝
265e,chess-knight,♞
265f,chess-pawn,♟
2660,spade,♠
2663,club,♣
2665,heart,♥
2666,diamond,♦
2672,recycle,♲
267a,recycle,♺
267b,recycle,♻
267e,infinity,♾
2680,dice-one,⚀
2681,dice-two,⚁
2682,dice-three,⚂
2683,dice-four,⚃
2684,dice-five,⚄
2685,dice-six,⚅
2693,anchor,⚓
2694,swords,⚔
2696,scale-balanced,⚖
2698,flower-daffodil,⚘
2699,gear,⚙
269b,atom,⚛
26a0,triangle-exclamation,⚠
26a1,bolt,⚡
26a2,venus-double,⚢
26a3,mars-double,⚣
26a4,venus-mars,⚤
26a5,mars-and-venus,⚥
26a6,mars-stroke,⚦
26a7,transgender,⚧
26a8,mars-stroke-up,⚨
26a9,mars-stroke-right,⚩
26aa,circle,⚪
26ab,circle,⚫
26b0,coffin,⚰
26b2,neuter,⚲
26bd,futbol,⚽
26be,baseball,⚾
26c4,snowman,⛄
26c5,cloud-sun,⛅
26c6,cloud-rain,⛆
26df,truck,⛟
26e8,shield-cross,⛨
26e9,torii-gate,⛩
26ea,church,⛪
26f0,mountains,⛰
26f7,person-skiing,⛷
26f8,ice-skate,⛸
26fa,campground,⛺
26fd,gas-pump,⛽
2700,scissors,✀
2702,scissors,✂
2704,scissors,✄
2705,square-check,✅
2708,plane-engines,✈
2709,envelope,✉
270a,hand-fist,✊
270b,hand,✋
270c,hand-peace,✌
270f,pencil,✏
2711,pen-nib,✑
2712,pen-fancy,✒
2713,check,✓
2714,check,✔
2715,xmark,✕
2716,xmark,✖
271d,cross,✝
2721,star-of-david,✡
2728,sparkles,✨
2731,asterisk,✱
273f,flower,✿
2744,snowflake,❄
2746,snowflake,❆
274c,xmark,❌
274e,square-xmark,❎
2753,question,❓
2754,question,❔
2755,exclamation,❕
2757,exclamation,❗
2764,heart,❤
2795,plus,➕
2796,minus,➖
2797,divide,➗
27a1,square-right,➡
2934,turn-up,⤴
2935,turn-down,⤵
2b05,square-left,⬅
2b06,square-up,⬆
2b07,square-down,⬇
2b0d,up-down,⬍
2b1b,square-full,⬛
2b1c,square-full,⬜
2b23,hexagon,⬣
2b24,circle,⬤
2b50,star,⭐
2b95,right,⮕
e000,caravan-simple,
e001,cat-space,
e002,coffee-pot,
e003,comet,
e004,fan-table,
e005,faucet,
e006,faucet-drip,
e008,galaxy,
e009,garage,
e00a,garage-car,
e00b,garage-open,
e00c,heat,
e00d,house-chimney-window,
e00e,house-day,
e00f,house-person-leave,
e010,house-night,
e011,house-person-return,
e012,house-signal,
e014,lamp-desk,
e015,lamp-floor,
e016,light-ceiling,
e017,light-switch,
e018,light-switch-off,
e019,light-switch-on,
e01b,microwave,
e01c,outlet,
e01d,oven,
e01f,planet-moon,
e020,planet-ringed,
e021,police-box,
e022,person-to-portal,
e023,person-from-portal,
e024,radar,
e025,raygun,
e026,refrigerator,
e027,rocket-launch,
e028,sensor,
e029,sensor-triangle-exclamation,
e02a,sensor-fire,
e02b,sensor-on,
e02c,sensor-cloud,
e02d,siren,
e02e,siren-on,
e02f,solar-system,
e030,circle-sort,
e031,circle-sort-down,
e032,circle-sort-up,
e033,space-station-moon,
e034,space-station-moon-construction,
e035,sprinkler,
e036,star-shooting,
e037,starfighter,
e038,starfighter-twin-ion-engine,
e039,starship,
e03a,starship-freighter,
e03b,sword-laser,
e03c,sword-laser-alt,
e03d,swords-laser,
e03e,telescope,
e03f,temperature-arrow-down,
e040,temperature-arrow-up,
e041,trailer,
e042,transporter,
e043,transporter-1,
e044,transporter-2,
e045,transporter-3,
e046,transporter-empty,
e047,ufo,
e048,ufo-beam,
e04a,user-alien,
e04b,user-robot,
e04c,user-visor,
e04d,vacuum,
e04e,vacuum-robot,
e04f,window-frame,
e050,window-frame-open,
e051,coffin-cross,
e053,folder-arrow-down,
e054,folder-arrow-up,
e058,user-unlock,
e059,bacteria,
e05a,bacterium,
e05b,box-tissue,
e05c,hand-holding-medical,
e05d,hand-sparkles,
e05e,hands-bubbles,
e05f,handshake-simple-slash,
e060,handshake-slash,
e061,head-side-cough,
e062,head-side-cough-slash,
e063,head-side-mask,
e064,head-side-virus,
e065,house-chimney-user,
e066,house-laptop,
e067,lungs-virus,
e068,people-arrows,
e069,plane-slash,
e06a,pump-medical,
e06b,pump-soap,
e06c,shield-virus,
e06d,sink,
e06e,soap,
e06f,stopwatch-20,
e070,shop-slash,
e071,store-slash,
e072,toilet-paper-slash,
e073,users-slash,
e074,virus,
e075,virus-slash,
e076,viruses,
e085,vest,
e086,vest-patches,
e089,airplay,
e08a,alt,
e08c,angle,
e08d,angle-90,
e08f,apple-core,
e090,arrow-down-from-dotted-line,
e091,arrow-down-left,
e092,arrow-down-left-and-arrow-up-right-to-center,
e093,arrow-down-right,
e094,arrow-down-to-bracket,
e095,arrow-down-to-dotted-line,
e096,arrow-down-to-square,
e097,arrow-trend-down,
e098,arrow-trend-up,
e099,arrow-up-arrow-down,
e09a,arrow-up-from-bracket,
e09b,arrow-up-from-dotted-line,
e09c,arrow-up-from-square,
e09d,arrow-up-left,
e09e,arrow-up-left-from-circle,
e09f,arrow-up-right,
e0a0,arrow-up-right-and-arrow-down-left-from-center,
e0a1,arrow-up-to-dotted-line,
e0a2,arrows-cross,
e0a3,arrows-from-dotted-line,
e0a4,arrows-from-line,
e0a5,arrows-minimize,
e0a6,arrows-to-dotted-line,
e0a7,arrows-to-line,
e0a8,audio-description-slash,
e0a9,austral-sign,
e0aa,avocado,
e0ab,award-simple,
e0ac,baht-sign,
e0ad,bars-filter,
e0ae,bars-sort,
e0af,basket-shopping-simple,
e0b0,battery-exclamation,
e0b1,battery-low,
e0b2,bee,
e0b3,beer-mug,
e0b4,bitcoin-sign,
e0b5,block-quote,
e0b6,bolt-auto,
e0b7,bolt-lightning,
e0b8,bolt-slash,
e0b9,book-arrow-right,
e0ba,book-arrow-up,
e0bb,book-bookmark,
e0bc,book-circle-arrow-right,
e0bd,book-circle-arrow-up,
e0be,book-copy,
e0bf,book-font,
e0c0,book-open-cover,
e0c1,book-section,
e0c2,bookmark-slash,
e0c3,bowling-ball-pin,
e0c4,box-circle-check,
e0c5,brackets-round,
e0c6,brain-circuit,
e0c7,brake-warning,
e0c8,briefcase-blank,
e0c9,brightness,
e0ca,brightness-low,
e0cb,browsers,
e0cc,buildings,
e0cd,burger-fries,
e0ce,burger-glass,
e0cf,cable-car,
e0d0,calendar-arrow-down,
e0d1,calendar-arrow-up,
e0d2,calendar-clock,
e0d3,calendar-heart,
e0d4,calendar-image,
e0d5,calendar-lines,
e0d6,calendar-range,
e0d7,calendars,
e0d8,camera-rotate,
e0d9,camera-slash,
e0da,camera-viewfinder,
e0db,cart-minus,
e0dc,cart-shopping-fast,
e0dd,cart-xmark,
e0de,castle,
e0df,cedi-sign,
e0e1,chart-bullet,
e0e2,chart-candlestick,
e0e3,chart-column,
e0e4,chart-gantt,
e0e5,chart-line-up,
e0e6,chart-pyramid,
e0e7,chart-radar,
e0e8,chart-scatter-3d,
e0e9,chart-scatter-bubble,
e0ea,chart-tree-map,
e0eb,chart-waterfall,
e0ec,cherries,
e0ed,circle-0,
e0ee,circle-1,
e0ef,circle-2,
e0f0,circle-3,
e0f1,circle-4,
e0f2,circle-5,
e0f3,circle-6,
e0f4,circle-7,
e0f5,circle-8,
e0f6,circle-9,
e0f7,circle-a,
e0f8,circle-ampersand,
e0f9,circle-arrow-down-left,
e0fa,circle-arrow-down-right,
e0fb,circle-arrow-up-left,
e0fc,circle-arrow-up-right,
e0fd,circle-b,
e0fe,circle-bolt,
e0ff,circle-book-open,
e100,circle-bookmark,
e101,circle-c,
e102,circle-calendar,
e103,circle-camera,
e104,circle-d,
e105,circle-dashed,
e106,circle-divide,
e107,circle-down-left,
e108,circle-down-right,
e109,circle-e,
e10a,circle-ellipsis,
e10b,circle-ellipsis-vertical,
e10c,circle-envelope,
e10d,circle-exclamation-check,
e10e,circle-f,
e10f,circle-g,
e110,circle-half,
e111,circle-i,
e112,circle-j,
e113,circle-k,
e114,circle-l,
e115,circle-m,
e116,circle-microphone,
e117,circle-microphone-lines,
e118,circle-n,
e119,circle-o,
e11a,circle-p,
e11b,circle-phone,
e11c,circle-phone-flip,
e11d,circle-phone-hangup,
e11e,circle-q,
e11f,circle-quarter,
e120,circle-r,
e121,circle-s,
e122,circle-small,
e123,circle-star,
e124,circle-t,
e125,circle-three-quarters,
e126,circle-trash,
e127,circle-u,
e128,circle-up-left,
e129,circle-up-right,
e12a,circle-v,
e12b,circle-video,
e12c,circle-w,
e12d,circle-waveform-lines,
e12e,circle-x,
e12f,circle-y,
e130,circle-z,
e131,clapperboard,
e132,clapperboard-play,
e133,clipboard-medical,
e134,clock-desk,
e135,closed-captioning-slash,
e136,clothes-hanger,
e137,cloud-slash,
e138,cloud-word,
e139,clover,
e13a,code-compare,
e13b,code-fork,
e13c,code-pull-request,
e13d,code-simple,
e13e,coffee-bean,
e13f,coffee-beans,
e140,colon-sign,
e142,command,
e143,comment-arrow-down,
e144,comment-arrow-up,
e145,comment-arrow-up-right,
e146,comment-captions,
e147,comment-code,
e148,comment-image,
e149,comment-middle,
e14a,comment-middle-top,
e14b,comment-question,
e14c,comment-quote,
e14d,comment-text,
e14e,comments-question,
e14f,comments-question-check,
e150,conveyor-belt-empty,
e151,crate-empty,
e152,cruzeiro-sign,
e154,delete-right,
e155,desktop-arrow-down,
e156,diagram-lean-canvas,
e157,diagram-nested,
e158,diagram-sankey,
e15a,diagram-venn,
e15b,dial,
e15c,dial-high,
e15d,dial-low,
e15e,dial-max,
e15f,dial-med,
e160,dial-med-low,
e161,dial-min,
e162,dial-off,
e163,display,
e164,display-arrow-down,
e165,display-code,
e166,display-medical,
e168,dolphin,
e169,dong-sign,
e16a,down-left,
e16b,down-right,
e16c,eggplant,
e16d,elevator,
e16e,engine,
e16f,envelope-dot,
e170,envelopes,
e171,escalator,
e172,eye-dropper-full,
e173,eye-dropper-half,
e174,ferris-wheel,
e175,file-binary,
e176,file-heart,
e177,file-plus-minus,
e178,files,
e179,film-slash,
e17a,films,
e17b,filter-circle-xmark,
e17c,filter-list,
e17d,filter-slash,
e17e,filters,
e17f,fire-hydrant,
e180,floppy-disk-circle-arrow-right,
e181,floppy-disk-circle-xmark,
e182,floppy-disk-pen,
e183,floppy-disks,
e184,florin-sign,
e185,folder-closed,
e186,folder-bookmark,
e187,folder-gear,
e188,folder-grid,
e189,folder-heart,
e18a,folder-image,
e18b,folder-magnifying-glass,
e18c,folder-medical,
e18d,folder-music,
e18e,folder-user,
e18f,franc-sign,
e190,gif,
e191,glass-empty,
e192,glass-half,
e193,grate,
e194,grate-droplet,
e195,grid,
e196,grid-2,
e197,grid-2-plus,
e198,grid-4,
e199,grid-5,
e19a,guarani-sign,
e19b,gun,
e19c,gun-slash,
e19d,gun-squirt,
e19e,hand-back-point-down,
e19f,hand-back-point-left,
e1a0,hand-back-point-ribbon,
e1a1,hand-back-point-right,
e1a2,hand-back-point-up,
e1a3,hand-fingers-crossed,
e1a4,hand-holding-skull,
e1a5,hand-love,
e1a6,hand-point-ribbon,
e1a7,hand-wave,
e1a8,hands-clapping,
e1a9,hand-horns,
e1aa,head-side-heart,
e1ab,heart-half,
e1ac,heart-half-stroke,
e1ad,hexagon-divide,
e1ae,high-definition,
e1af,highlighter-line,
e1b0,house-user,
e1b1,house-building,
e1b2,house-chimney-heart,
e1b3,house-tree,
e1b4,house-turret,
e1b5,image-landscape,
e1b6,image-polaroid-user,
e1b7,image-slash,
e1b8,image-user,
e1b9,images-user,
e1ba,inbox-full,
e1bb,inboxes,
e1bc,indian-rupee-sign,
e1bd,input-numeric,
e1be,input-pipe,
e1bf,input-text,
e1c0,keyboard-brightness,
e1c1,keyboard-brightness-low,
e1c2,keyboard-down,
e1c3,keyboard-left,
e1c4,kip-sign,
e1c5,lamp-street,
e1c6,laptop-arrow-down,
e1c7,laptop-slash,
e1c8,lari-sign,
e1c9,lasso-sparkles,
e1ca,lightbulb-exclamation-on,
e1cb,link-horizontal,
e1cc,link-horizontal-slash,
e1cd,link-simple,
e1ce,link-simple-slash,
e1cf,list-dropdown,
e1d0,list-radio,
e1d1,list-timeline,
e1d2,list-tree,
e1d3,litecoin-sign,
e1d4,loader,
e1d5,manat-sign,
e1d6,manhole,
e1d7,mask-face,
e1d8,memo,
e1d9,memo-circle-check,
e1da,memo-pad,
e1db,message-arrow-down,
e1dc,message-arrow-up,
e1dd,message-arrow-up-right,
e1de,message-captions,
e1df,message-code,
e1e0,message-image,
e1e1,message-middle,
e1e2,message-middle-top,
e1e3,message-question,
e1e4,message-quote,
e1e5,message-sms,
e1e6,message-text,
e1e7,messages-question,
e1e8,meter,
e1e9,meter-bolt,
e1ea,meter-droplet,
e1eb,meter-fire,
e1ec,microchip-ai,
e1ed,mill-sign,
e1ee,mobile-notch,
e1ef,mobile-signal,
e1f0,mobile-signal-out,
e1f1,money-bill-simple,
e1f2,money-bill-simple-wave,
e1f3,money-bills,
e1f4,money-bills-simple,
e1f5,mug-tea-saucer,
e1f6,naira-sign,
e1f7,nfc,
e1f8,nfc-lock,
e1f9,nfc-magnifying-glass,
e1fa,nfc-pen,
e1fb,nfc-signal,
e1fc,nfc-slash,
e1fd,nfc-trash,
e1fe,notdef,
e1ff,note,
e200,note-medical,
e201,notebook,
e202,notes,
e203,octagon-divide,
e204,octagon-exclamation,
e205,oil-can-drip,
e206,paintbrush-pencil,
e207,pallet-boxes,
e208,pallet-box,
e209,panorama,
e20a,paper-plane-top,
e20b,peach,
e20c,pear,
e20d,pedestal,
e20e,pen-circle,
e20f,pen-clip-slash,
e210,pen-fancy-slash,
e211,pen-field,
e212,pen-line,
e213,pen-slash,
e214,pen-swirl,
e215,pencil-slash,
e216,people,
e217,people-dress,
e218,people-dress-simple,
e219,people-pants,
e21a,people-pants-simple,
e21b,people-simple,
e21c,person-dress-simple,
e21d,person-pinball,
e21e,person-seat,
e21f,person-seat-reclined,
e220,person-simple,
e221,peseta-sign,
e222,peso-sign,
e223,phone-arrow-down-left,
e224,phone-arrow-up-right,
e225,phone-hangup,
e226,phone-missed,
e227,phone-xmark,
e228,photo-film-music,
e229,pinball,
e22b,plane-prop,
e22c,plane-tail,
e22d,plane-up,
e22e,plane-up-slash,
e22f,play-pause,
e231,puzzle-piece-simple,
e234,quotes,
e235,rectangle-pro,
e236,rectangle-terminal,
e237,rectangle-vertical-history,
e238,reel,
e239,reply-clock,
e23a,restroom-simple,
e23b,rhombus,
e23c,rotate-exclamation,
e23d,rupiah-sign,
e23e,screencast,
e23f,scribble,
e240,sd-cards,
e241,seal,
e242,seal-exclamation,
e243,seal-question,
e244,seat-airline,
e246,shelves-empty,
e247,shield-exclamation,
e248,shield-keyhole,
e249,shield-minus,
e24a,shield-plus,
e24b,shield-slash,
e24c,shield-xmark,
e24d,shower-down,
e24e,sidebar,
e24f,sidebar-flip,
e250,signal-stream-slash,
e251,sim-cards,
e252,slider,
e253,sliders-simple,
e254,split,
e255,square-0,
e256,square-1,
e257,square-2,
e258,square-3,
e259,square-4,
e25a,square-5,
e25b,square-6,
e25c,square-7,
e25d,square-8,
e25e,square-9,
e25f,square-a,
e260,square-ampersand,
e261,square-arrow-down-left,
e262,square-arrow-down-right,
e263,square-arrow-up-left,
e264,square-b,
e265,square-bolt,
e266,square-c,
e267,square-code,
e268,square-d,
e269,square-dashed,
e26a,square-divide,
e26b,square-down-left,
e26c,square-down-right,
e26d,square-e,
e26e,square-ellipsis,
e26f,square-ellipsis-vertical,
e270,square-f,
e271,square-g,
e272,square-i,
e273,square-j,
e274,square-k,
e275,square-l,
e276,square-m,
e277,square-n,
e278,square-o,
e279,square-p,
e27a,square-phone-hangup,
e27b,square-q,
e27c,square-r,
e27d,square-s,
e27e,square-small,
e27f,square-star,
e280,square-t,
e281,square-u,
e282,square-up-left,
e283,square-user,
e284,square-v,
e285,square-w,
e286,square-x,
e287,square-y,
e288,square-z,
e289,stairs,
e28a,standard-definition,
e28b,star-sharp,
e28c,star-sharp-half,
e28d,star-sharp-half-stroke,
e28e,starfighter-twin-ion-engine-advanced,
e28f,sun-bright,
e290,table-layout,
e291,table-pivot,
e292,table-rows,
e293,table-tree,
e294,tally-1,
e295,tally-2,
e296,tally-3,
e297,tally-4,
e298,taxi-bus,
e299,temperature-list,
e29a,ticket-airline,
e29b,tickets-airline,
e29c,timeline,
e29d,timeline-arrow,
e29e,timer,
e29f,toilet-paper-blank-under,
e2a0,toilet-paper-under,
e2a1,toilet-paper-under-slash,
e2a2,tower-control,
e2a3,train-subway-tunnel,
e2a4,transformer-bolt,
e2a5,transporter-4,
e2a6,transporter-5,
e2a7,transporter-6,
e2a8,transporter-7,
e2a9,trash-can-check,
e2aa,trash-can-clock,
e2ab,trash-can-list,
e2ac,trash-can-plus,
e2ad,trash-can-slash,
e2ae,trash-can-xmark,
e2af,trash-check,
e2b0,trash-clock,
e2b1,trash-list,
e2b2,trash-plus,
e2b3,trash-slash,
e2b4,trash-xmark,
e2b5,truck-container-empty,
e2b6,truck-flatbed,
e2b7,truck-front,
e2b8,truck-tow,
e2b9,tty-answer,
e2ba,tugrik-sign,
e2bb,turkish-lira-sign,
e2bc,umbrella-simple,
e2bd,up-left,
e2be,up-right,
e2bf,user-bounty-hunter,
e2c0,user-pilot,
e2c1,user-pilot-tie,
e2c2,user-shakespeare,
e2c3,utility-pole,
e2c4,utility-pole-double,
e2c5,vault,
e2c6,vector-circle,
e2c7,vector-polygon,
e2c8,video-arrow-down-left,
e2c9,video-arrow-up-right,
e2ca,wand-magic-sparkles,
e2cb,watch-apple,
e2cc,watch-smart,
e2cd,wheat-awn,
e2ce,wheelchair-move,
e2cf,wifi-exclamation,
e2d1,wrench-simple,
e2d2,robot-astromech,
e2dc,360-degrees,
e2df,aperture,
e2e1,arrow-turn-down-left,
e2e3,balloon,
e2e4,balloons,
e2e5,banana,
e2e6,bangladeshi-taka-sign,
e2e7,bench-tree,
e2e8,blueberries,
e2e9,bowl-chopsticks,
e2ea,bowl-chopsticks-noodles,
e2eb,bowl-rice,
e2f2,briefcase-arrow-right,
e2f4,citrus,
e2f5,citrus-slice,
e2f6,coconut,
e2fa,display-slash,
e2fe,face-explode,
e2ff,face-viewfinder,
e300,family,
e301,family-dress,
e302,family-pants,
e303,fence,
e304,fish-bones,
e306,grapes,
e307,grid-horizontal,
e30c,kiwi-fruit,
e30f,mango,
e310,melon,
e311,melon-slice,
e312,money-from-bracket,
e313,money-simple-from-bracket,
e316,olive,
e317,olive-branch,
e318,option,
e31a,party-bell,
e31b,party-horn,
e31c,peapod,
e31e,person-pregnant,
e31f,pineapple,
e322,rectangle-code,
e323,rectangles-mixed,
e324,roller-coaster,
e329,square-quote,
e32a,square-terminal,
e32b,strawberry,
e32d,table-picnic,
e32e,thought-bubble,
e32f,tick,
e330,tomato,
e331,turn-down-left,
e333,user-police,
e334,user-police-tie,
e337,watermelon-slice,
e338,wheat-awn-slash,
e339,wheat-slash,
e33a,badminton,
e33b,binary,
e33c,binary-circle-check,
e33d,binary-lock,
e33e,binary-slash,
e33f,boot-heeled,
e341,car-bolt,
e342,car-circle-bolt,
e343,car-mirrors,
e344,car-side-bolt,
e345,clock-eight,
e346,clock-eight-thirty,
e347,clock-eleven,
e348,clock-eleven-thirty,
e349,clock-five,
e34a,clock-five-thirty,
e34b,clock-four-thirty,
e34c,clock-nine,
e34d,clock-nine-thirty,
e34e,clock-one,
e34f,clock-one-thirty,
e350,clock-seven,
e351,clock-seven-thirty,
e352,clock-six,
e353,clock-six-thirty,
e354,clock-ten,
e355,clock-ten-thirty,
e356,clock-three,
e357,clock-three-thirty,
e358,clock-twelve,
e359,clock-twelve-thirty,
e35a,clock-two,
e35b,clock-two-thirty,
e35c,cloud-check,
e35d,cloud-minus,
e35e,cloud-plus,
e35f,cloud-xmark,
e361,columns-3,
e362,crystal-ball,
e363,cup-straw,
e364,cup-straw-swoosh,
e365,distribute-spacing-horizontal,
e366,distribute-spacing-vertical,
e367,eyes,
e368,face-angry-horns,
e369,face-anguished,
e36a,face-anxious-sweat,
e36b,face-astonished,
e36c,face-confounded,
e36d,face-confused,
e36e,face-cowboy-hat,
e36f,face-disappointed,
e370,face-disguise,
e371,face-downcast-sweat,
e372,face-drooling,
e373,face-expressionless,
e374,face-eyes-xmarks,
e375,face-fearful,
e376,face-frown-slight,
e377,face-glasses,
e378,face-hand-over-mouth,
e379,face-hand-yawn,
e37a,face-head-bandage,
e37b,face-hushed,
e37c,face-icicles,
e37d,face-kiss-closed-eyes,
e37e,face-lying,
e37f,face-mask,
e380,face-monocle,
e381,face-nauseated,
e382,face-nose-steam,
e383,face-party,
e384,face-pensive,
e385,face-persevering,
e386,face-pleading,
e387,face-pouting,
e388,face-raised-eyebrow,
e389,face-relieved,
e38a,face-sad-sweat,
e38b,face-scream,
e38c,face-shush,
e38d,face-sleeping,
e38e,face-sleepy,
e38f,face-smile-halo,
e390,face-smile-hearts,
e391,face-smile-horns,
e392,face-smile-relaxed,
e393,face-smile-tear,
e394,face-smile-tongue,
e395,face-smile-upside-down,
e396,face-smiling-hands,
e397,face-smirking,
e398,face-sunglasses,
e399,face-swear,
e39a,face-thermometer,
e39b,face-thinking,
e39c,face-tissue,
e39d,face-tongue-money,
e39e,face-tongue-sweat,
e39f,face-unamused,
e3a0,face-vomit,
e3a1,face-weary,
e3a2,face-woozy,
e3a3,face-worried,
e3a4,face-zany,
e3a5,face-zipper,
e3a6,file-lock,
e3a7,file-slash,
e3a8,fishing-rod,
e3a9,flying-disc,
e3aa,gallery-thumbnails,
e3ab,goal-net,
e3ac,golf-flag-hole,
e3ad,grid-dividers,
e3ae,hockey-stick-puck,
e3af,house-chimney,
e3b0,house-chimney-blank,
e3b1,house-crack,
e3b2,house-medical,
e3b3,house-window,
e3b4,key-skeleton-left-right,
e3b5,lacrosse-stick,
e3b6,lacrosse-stick-ball,
e3b7,mask-snorkel,
e3b8,message-bot,
e3b9,moped,
e3ba,nesting-dolls,
e3bb,objects-align-bottom,
e3bc,objects-align-center-horizontal,
e3bd,objects-align-center-vertical,
e3be,objects-align-left,
e3bf,objects-align-right,
e3c0,objects-align-top,
e3c1,objects-column,
e3c2,paperclip-vertical,
e3c3,pinata,
e3c4,pipe-smoking,
e3c5,pool-8-ball,
e3c6,rugby-ball,
e3c7,shirt-long-sleeve,
e3c8,shirt-running,
e3c9,shirt-tank-top,
e3ca,signature-lock,
e3cb,signature-slash,
e3cc,ski-boot,
e3cd,ski-boot-ski,
e3ce,slot-machine,
e3cf,teddy-bear,
e3d0,truck-bolt,
e3d1,uniform-martial-arts,
e3d2,user-chef,
e3d3,user-hair-buns,
e3d4,arrow-left-long-to-line,
e3d5,arrow-right-long-to-line,
e3d6,arrow-turn-down-right,
e3d7,bagel,
e3d8,baguette,
e3da,blanket-fire,
e3db,block-brick,
e3dc,block-brick-fire,
e3dd,block-question,
e3de,bowl-scoop,
e3df,bowl-scoops,
e3e0,bowl-spoon,
e3e1,bread-slice-butter,
e3e2,broccoli,
e3e3,burger-lettuce,
e3e4,butter,
e3e5,cake-slice,
e3e6,can-food,
e3e7,candy,
e3e8,candy-bar,
e3e9,card-club,
e3ea,card-diamond,
e3eb,card-heart,
e3ec,card-spade,
e3ed,cards,
e3ee,cart-arrow-up,
e3ef,cart-circle-arrow-down,
e3f0,cart-circle-arrow-up,
e3f1,cart-circle-check,
e3f2,cart-circle-exclamation,
e3f3,cart-circle-plus,
e3f4,cart-circle-xmark,
e3f5,cent-sign,
e3f6,chestnut,
e3f7,chopsticks,
e3f8,circle-quarters,
e3f9,code-pull-request-closed,
e3fa,code-pull-request-draft,
e3fb,coin-blank,
e3fc,coin-front,
e3fd,coin-vertical,
e3fe,corner,
e3ff,crab,
e400,soft-serve,
e401,cucumber,
e402,cupcake,
e403,custard,
e404,dash,
e405,diamond-exclamation,
e406,donut,
e407,down-from-dotted-line,
e408,down-to-dotted-line,
e409,face-awesome,
e40a,falafel,
e40b,flatbread,
e40c,flatbread-stuffed,
e40d,fondue-pot,
e40e,garlic,
e410,grip-dots,
e411,grip-dots-vertical,
e412,h5,
e413,h6,
e414,hammer-crash,
e415,hashtag-lock,
e416,hexagon-check,
e417,hexagon-exclamation,
e418,honey-pot,
e419,hose,
e41a,hose-reel,
e41b,hourglass-clock,
e41c,hundred-points,
e41d,leafy-green,
e41e,left-long-to-line,
e41f,light-emergency,
e420,light-emergency-on,
e421,lobster,
e422,lock-a,
e423,lock-hashtag,
e424,lollipop,
e425,mushroom,
e426,octagon-check,
e427,onion,
e428,page,
e429,page-caret-down,
e42a,page-caret-up,
e42b,pan-food,
e42c,pan-frying,
e42d,pancakes,
e42e,panel-ews,
e42f,panel-fire,
e430,peanut,
e431,peanuts,
e432,pepper,
e433,person-to-door,
e434,phone-intercom,
e435,pickleball,
e436,pipe-circle-check,
e437,pipe-collar,
e438,pipe-section,
e439,pipe-valve,
e43b,plate-utensils,
e43c,plus-minus,
e43d,pompebled,
e43e,popsicle,
e43f,pot-food,
e440,potato,
e441,pretzel,
e442,pump,
e443,puzzle,
e444,right-long-to-line,
e445,sailboat,
e446,salt-shaker,
e447,section,
e448,shrimp,
e449,shutters,
e44b,sportsball,
e44c,sprinkler-ceiling,
e44d,square-a-lock,
e44e,square-quarters,
e44f,square-ring,
e450,squid,
e451,tamale,
e452,tank-water,
e453,train-track,
e454,train-tunnel,
e455,turn-down-right,
e456,up-from-dotted-line,
e457,up-to-dotted-line,
e458,user-doctor-hair,
e459,user-doctor-hair-long,
e45a,user-hair,
e45b,user-hair-long,
e45c,user-hair-mullet,
e45d,user-nurse-hair,
e45e,user-nurse-hair-long,
e45f,user-tie-hair,
e460,user-tie-hair-long,
e461,user-vneck,
e462,user-vneck-hair,
e463,user-vneck-hair-long,
e464,utensils-slash,
e465,vent-damper,
e466,waffle,
e467,00,
e468,apartment,
e469,bird,
e46a,block,
e46b,bowl-soft-serve,
e46c,brazilian-real-sign,
e46d,cabin,
e46e,calendar-circle-exclamation,
e46f,calendar-circle-minus,
e470,calendar-circle-plus,
e471,calendar-circle-user,
e472,calendar-lines-pen,
e473,chart-simple,
e474,chart-simple-horizontal,
e475,diagram-cells,
e476,diagram-next,
e477,diagram-predecessor,
e478,diagram-previous,
e479,diagram-subtask,
e47a,diagram-successor,
e47b,earth-oceania,
e47c,face-beam-hand-over-mouth,
e47d,face-clouds,
e47e,face-diagonal-mouth,
e47f,face-dotted,
e480,face-exhaling,
e481,face-hand-peeking,
e482,face-holding-back-tears,
e483,face-melting,
e484,face-saluting,
e485,face-spiral-eyes,
e486,fort,
e487,house-blank,
e488,square-kanban,
e489,square-list,
e48a,sushi,
e48b,sushi-roll,
e48c,album-circle-plus,
e48d,album-circle-user,
e48e,album-collection-circle-plus,
e48f,album-collection-circle-user,
e490,bug-slash,
e491,cloud-exclamation,
e492,cloud-question,
e493,file-circle-info,
e494,file-circle-plus,
e495,frame,
e496,gauge-circle-bolt,
e497,gauge-circle-minus,
e498,gauge-circle-plus,
e49a,memo-circle-info,
e49c,object-exclude,
e49d,object-intersect,
e49e,object-subtract,
e49f,object-union,
e4a1,pen-nib-slash,
e4a2,rectangle-history,
e4a3,rectangle-history-circle-plus,
e4a4,rectangle-history-circle-user,
e4a5,shop-lock,
e4a6,store-lock,
e4a7,user-robot-xmarks,
e4a8,virus-covid,
e4a9,virus-covid-slash,
e4aa,anchor-circle-check,
e4ab,anchor-circle-exclamation,
e4ac,anchor-circle-xmark,
e4ad,anchor-lock,
e4ae,arrow-down-to-arc,
e4af,arrow-down-up-across-line,
e4b0,arrow-down-up-lock,
e4b1,arrow-right-from-arc,
e4b2,arrow-right-to-arc,
e4b3,arrow-right-to-city,
e4b4,arrow-up-from-arc,
e4b5,arrow-up-from-ground-water,
e4b6,arrow-up-from-water-pump,
e4b7,arrow-up-right-dots,
e4b8,arrows-down-to-line,
e4b9,arrows-down-to-people,
e4ba,arrows-left-right-to-line,
e4bb,arrows-spin,
e4bc,arrows-split-up-and-left,
e4bd,arrows-to-circle,
e4be,arrows-to-dot,
e4bf,arrows-to-eye,
e4c0,arrows-turn-right,
e4c1,arrows-turn-to-dots,
e4c2,arrows-up-to-line,
e4c3,bore-hole,
e4c4,bottle-droplet,
e4c5,bottle-water,
e4c6,bowl-food,
e4c7,boxes-packing,
e4c8,bridge,
e4c9,bridge-circle-check,
e4ca,bridge-circle-exclamation,
e4cb,bridge-circle-xmark,
e4cc,bridge-lock,
e4cd,bridge-suspension,
e4ce,bridge-water,
e4cf,bucket,
e4d0,bugs,
e4d1,building-circle-arrow-right,
e4d2,building-circle-check,
e4d3,building-circle-exclamation,
e4d4,building-circle-xmark,
e4d5,building-flag,
e4d6,building-lock,
e4d7,building-ngo,
e4d8,building-shield,
e4d9,building-un,
e4da,building-user,
e4db,building-wheat,
e4dc,burst,
e4dd,car-on,
e4de,car-tunnel,
e4df,cards-blank,
e4e0,child-combatant,
e4e1,children,
e4e2,circle-nodes,
e4e3,clipboard-question,
e4e4,cloud-showers-water,
e4e5,computer,
e4e6,cubes-stacked,
e4e7,down-to-bracket,
e4e8,envelope-circle-check,
e4e9,explosion,
e4ea,ferry,
e4eb,file-circle-exclamation,
e4ec,file-circle-info,
e4ed,file-circle-minus,
e4ee,file-circle-plus,
e4ef,file-circle-question,
e4f0,file-shield,
e4f1,fire-burner,
e4f2,fish-fins,
e4f3,flask-vial,
e4f4,glass-water,
e4f5,glass-water-droplet,
e4f6,group-arrows-rotate,
e4f7,hand-holding-hand,
e4f8,handcuffs,
e4f9,hands-bound,
e4fa,hands-holding-child,
e4fb,hands-holding-circle,
e4fc,heart-circle-bolt,
e4fd,heart-circle-check,
e4fe,heart-circle-exclamation,
e4ff,heart-circle-minus,
e500,heart-circle-plus,
e501,heart-circle-xmark,
e502,helicopter-symbol,
e503,helmet-un,
e504,hexagon-image,
e505,hexagon-vertical-nft,
e506,hexagon-vertical-nft-slanted,
e507,hill-avalanche,
e508,hill-rockslide,
e509,house-circle-check,
e50a,house-circle-exclamation,
e50b,house-circle-xmark,
e50c,house-fire,
e50d,house-flag,
e50e,house-flood-water,
e50f,house-flood-water-circle-arrow-right,
e510,house-lock,
e511,house-medical-circle-check,
e512,house-medical-circle-exclamation,
e513,house-medical-circle-xmark,
e514,house-medical-flag,
e515,house-tsunami,
e516,jar,
e517,jar-wheat,
e518,jet-fighter-up,
e519,jug-detergent,
e51a,kitchen-set,
e51b,land-mine-on,
e51c,landmark-flag,
e51d,laptop-file,
e51e,lines-leaning,
e51f,location-pin-lock,
e520,locust,
e521,magnifying-glass-arrow-right,
e522,magnifying-glass-chart,
e523,mars-and-venus-burst,
e524,mask-ventilator,
e525,mattress-pillow,
e526,merge,
e527,mobile-retro,
e528,money-bill-transfer,
e529,money-bill-trend-up,
e52a,money-bill-wheat,
e52b,mosquito,
e52c,mosquito-net,
e52d,mound,
e52e,mountain-city,
e52f,mountain-sun,
e531,nfc-symbol,
e532,oil-well,
e533,people-group,
e534,people-line,
e535,people-pulling,
e536,people-robbery,
e537,people-roof,
e538,person-arrow-down-to-line,
e539,person-arrow-up-from-line,
e53a,person-breastfeeding,
e53b,person-burst,
e53c,person-cane,
e53d,person-chalkboard,
e53e,person-circle-check,
e53f,person-circle-exclamation,
e540,person-circle-minus,
e541,person-circle-plus,
e542,person-circle-question,
e543,person-circle-xmark,
e544,person-dress-burst,
e545,person-drowning,
e546,person-falling,
e547,person-falling-burst,
e548,person-half-dress,
e549,person-harassing,
e54a,person-military-pointing,
e54b,person-military-rifle,
e54c,person-military-to-person,
e54d,person-rays,
e54e,person-rifle,
e54f,person-shelter,
e550,person-to-door,
e551,person-walking-arrow-loop-left,
e552,person-walking-arrow-right,
e553,person-walking-dashed-line-arrow-right,
e554,person-walking-luggage,
e555,plane-circle-check,
e556,plane-circle-exclamation,
e557,plane-circle-xmark,
e558,plane-lock,
e559,plate-utensils,
e55a,plate-wheat,
e55b,plug-circle-bolt,
e55c,plug-circle-check,
e55d,plug-circle-exclamation,
e55e,plug-circle-minus,
e55f,plug-circle-plus,
e560,plug-circle-xmark,
e561,ranking-star,
e562,road-barrier,
e563,road-bridge,
e564,road-circle-check,
e565,road-circle-exclamation,
e566,road-circle-xmark,
e567,road-lock,
e568,road-spikes,
e569,rug,
e56a,sack-xmark,
e56b,school-circle-check,
e56c,school-circle-exclamation,
e56d,school-circle-xmark,
e56e,school-flag,
e56f,school-lock,
e571,sheet-plastic,
e572,shield-cat,
e573,shield-dog,
e574,shield-heart,
e575,shield-quartered,
e576,square-nfi,
e577,square-person-confined,
e578,square-virus,
e579,staff-snake,
e57a,sun-plant-wilt,
e57b,tarp,
e57c,tarp-droplet,
e57d,tent,
e57e,tent-arrow-down-to-line,
e57f,tent-arrow-left-right,
e580,tent-arrow-turn-left,
e581,tent-arrows-down,
e582,tents,
e583,toilet-portable,
e584,toilets-portable,
e585,tower-cell,
e586,tower-observation,
e587,tree-city,
e588,trillium,
e589,trowel,
e58a,trowel-bricks,
e58b,truck-arrow-right,
e58c,truck-droplet,
e58d,truck-field,
e58e,truck-field-un,
e58f,truck-plane,
e590,up-from-bracket,
e591,users-between-lines,
e592,users-line,
e593,users-rays,
e594,users-rectangle,
e595,users-viewfinder,
e596,vial-circle-check,
e597,vial-virus,
e598,wheat-awn-circle-exclamation,
e599,worm,
e59a,xmarks-lines,
e59b,xmark-large,
e59c,child-dress,
e59d,child-reaching,
e59e,plus-large,
e59f,crosshairs-simple,
e5a0,file-circle-check,
e5a1,file-circle-xmark,
e5a2,gamepad-modern,
e5a3,grill,
e5a4,grill-fire,
e5a5,grill-hot,
e5a6,lightbulb-cfl,
e5a7,lightbulb-cfl-on,
e5a8,mouse-field,
e5a9,person-through-window,
e5aa,plant-wilt,
e5ab,ring-diamond,
e5af,stapler,
e5b0,toggle-large-off,
e5b1,toggle-large-on,
e5b2,toilet-paper-check,
e5b3,toilet-paper-xmark,
e5b4,train-tram,
e5b5,buoy,
e5b6,buoy-mooring,
e5b7,diamond-half,
e5b8,diamond-half-stroke,
e5b9,game-console-handheld-crank,
e5ba,interrobang,
e5bb,mailbox-flag-up,
e5bc,mustache,
e5bd,nose,
e5be,phone-arrow-right,
e5bf,pickaxe,
e5c0,prescription-bottle-pill,
e5c1,snowflake-droplets,
e5c2,square-dashed-circle-plus,
e5c3,tricycle,
e5c4,tricycle-adult,
e5c5,user-magnifying-glass,
e5c8,comment-heart,
e5c9,message-heart,
e5ca,pencil-mechanical,
e5cb,skeleton-ribs,
e5cd,billboard,
e5ce,circle-euro,
e5cf,circle-sterling,
e5d0,circle-yen,
e5d1,broom-wide,
e5d2,wreath-laurel,
e5d3,circle-quarter-stroke,
e5d4,circle-three-quarters-stroke,
e5d5,webhook,
e5d6,sparkle,
e5d7,chart-line-up-down,
e5d8,chart-mixed-up-circle-currency,
e5d9,chart-mixed-up-circle-dollar,
e5da,grid-round,
e5db,grid-round-2,
e5dc,grid-round-2-plus,
e5dd,grid-round-4,
e5de,grid-round-5,
e5df,arrow-progress,
e5e1,right-left-large,
e5e2,calendar-users,
e5e3,display-chart-up,
e5e5,display-chart-up-circle-currency,
e5e6,display-chart-up-circle-dollar,
e5e7,laptop-binary,
e5e8,gear-code,
e5e9,gear-complex,
e5eb,gear-complex-code,
e5ed,file-doc,
e5ee,file-zip,
e5f1,flask-gear,
e5f2,bag-seedling,
e5f5,bin-bottles,
e5f6,bin-bottles-recycle,
e5f7,bin-recycle,
e5f8,conveyor-belt-arm,
e5fb,jug-bottle,
e5fd,lightbulb-gear,
e5fe,dinosaur,
e5ff,person-running-fast,
e600,circles-overlap,
e601,cloud-binary,
e602,chf-sign,
e603,user-group-simple,
e604,chart-pie-simple-circle-currency,
e605,chart-pie-simple-circle-dollar,
e606,hat-beach,
e607,person-dress-fairy,
e608,person-fairy,
e609,swap,
e60a,swap-arrows,
e60d,angles-up-down,
e60e,globe-pointer,
e60f,subtitles,
e610,subtitles-slash,
e611,head-side-gear,
e612,lighthouse,
e613,raccoon,
e614,arrow-down-from-arc,
e615,arrow-left-from-arc,
e616,arrow-left-to-arc,
e617,arrow-up-to-arc,
e61c,building-magnifying-glass,
e61e,building-memo,
e620,hammer-brush,
e621,hand-holding-circle-dollar,
e622,landmark-magnifying-glass,
e624,sign-post,
e625,sign-posts,
e626,sign-posts-wrench,
e627,tent-double-peak,
e628,truck-utensils,
e629,t-rex,
e62a,spinner-scale,
e62c,bell-ring,
e630,arrows-rotate-reverse,
e631,rotate-reverse,
e632,arrow-turn-left,
e633,arrow-turn-left-down,
e634,arrow-turn-left-up,
e635,arrow-turn-right,
e636,turn-left,
e637,turn-left-down,
e638,turn-left-up,
e639,turn-right,
e63a,location-arrow-up,
e63e,ticket-perforated,
e63f,tickets-perforated,
e642,cannon,
e643,court-sport,
e644,file-eps,
e645,file-gif,
e646,file-jpg,
e647,file-mov,
e648,file-mp3,
e649,file-mp4,
e64a,file-ppt,
e64b,file-svg,
e64c,file-vector,
e64d,file-xls,
e64e,folder-check,
e64f,chart-kanban,
e650,bag-shopping-minus,
e651,bag-shopping-plus,
e652,basket-shopping-minus,
e653,basket-shopping-plus,
e654,file-xml,
e655,bulldozer,
e656,excavator,
e657,truck-ladder,
e658,tickets,
e659,tickets-simple,
e65a,truck-fire,
e65b,wave,
e65d,waves-sine,
e65e,magnifying-glass-arrows-rotate,
e65f,magnifying-glass-music,
e660,magnifying-glass-play,
e661,magnifying-glass-waveform,
e662,music-magnifying-glass,
e664,reflect-horizontal,
e665,reflect-vertical,
e666,file-png,
e667,arrow-down-from-bracket,
e668,arrow-left-from-bracket,
e669,arrow-left-to-bracket,
e66a,arrow-up-to-bracket,
e66b,down-from-bracket,
e66c,left-from-bracket,
e66d,left-to-bracket,
e66e,up-to-bracket,
e66f,reflect-both,
e672,file-cad,
e673,bottle-baby,
e678,table-cells-column-lock,
e679,table-cells-lock,
e67a,table-cells-row-lock,
e67d,circle-wifi,
e67e,circle-wifi-circle-wifi,
e67f,circle-gf,
e680,ant,
e681,caduceus,
e682,web-awesome,
e685,globe-wifi,
e686,hydra,
e687,lightbulb-message,
e688,octopus,
e689,user-beard-bolt,
e68a,user-hoodie,
e68b,diamonds-4,
e68f,thumbtack-slash,
e690,table-cells-column-unlock,
e691,table-cells-row-unlock,
e692,table-cells-unlock,
e695,chart-diagram,
e696,comment-nodes,
e697,file-fragment,
e698,file-half-dashed,
e699,hexagon-nodes,
e69a,hexagon-nodes-bolt,
e69b,square-binary,
e69c,carpool,
e69d,chart-sine,
e69e,chart-fft,
e6a1,circles-overlap-3,
f000,martini-glass-empty,
f001,music,
f002,magnifying-glass,
f003,envelope,
f004,heart,
f005,star,
f006,star,
f007,user,
f008,film,
f009,table-cells-large,
f00a,table-cells,
f00b,table-list,
f00c,check,
f00d,xmark,
f00e,magnifying-glass-plus,
f010,magnifying-glass-minus,
f011,power-off,
f012,signal,
f013,gear,
f014,trash-can,
f015,house,
f016,file,
f017,clock,
f018,road,
f019,download,
f01a,circle-down,
f01b,circle-up,
f01c,inbox,
f01d,circle-play,
f01e,arrow-rotate-right,
f021,arrows-rotate,
f022,rectangle-list,
f023,lock,
f024,flag,
f025,headphones,
f026,volume-off,
f027,volume-low,
f028,volume-high,
f029,qrcode,
f02a,barcode,
f02b,tag,
f02c,tags,
f02d,book,
f02e,bookmark,
f02f,print,
f030,camera,
f031,font,
f032,bold,
f033,italic,
f034,text-height,
f035,text-width,
f036,align-left,
f037,align-center,
f038,align-right,
f039,align-justify,
f03a,list,
f03b,outdent,
f03c,indent,
f03d,video,
f03e,image,
f040,pencil,
f041,location-pin,
f042,circle-half-stroke,
f043,droplet,
f044,pen-to-square,
f045,share-from-square,
f046,square-check,
f047,arrows-up-down-left-right,
f048,backward-step,
f049,backward-fast,
f04a,backward,
f04b,play,
f04c,pause,
f04d,stop,
f04e,forward,
f050,forward-fast,
f051,forward-step,
f052,eject,
f053,chevron-left,
f054,chevron-right,
f055,circle-plus,
f056,circle-minus,
f057,circle-xmark,
f058,circle-check,
f059,circle-question,
f05a,circle-info,
f05b,crosshairs,
f05c,circle-xmark,
f05d,circle-check,
f05e,ban,
f060,arrow-left,
f061,arrow-right,
f062,arrow-up,
f063,arrow-down,
f064,share,
f065,expand,
f066,compress,
f067,plus,
f068,minus,
f069,asterisk,
f06a,circle-exclamation,
f06b,gift,
f06c,leaf,
f06d,fire,
f06e,eye,
f070,eye-slash,
f071,triangle-exclamation,
f072,plane,
f073,calendar-days,
f074,shuffle,
f075,comment,
f076,magnet,
f077,chevron-up,
f078,chevron-down,
f079,retweet,
f07a,cart-shopping,
f07b,folder,
f07c,folder-open,
f07d,arrows-up-down,
f07e,arrows-left-right,
f080,chart-bar,
f083,camera-retro,
f084,key,
f085,gears,
f086,comments,
f087,thumbs-up,
f088,thumbs-down,
f089,star-half,
f08a,heart,
f08b,arrow-right-from-bracket,
f08d,thumbtack,
f08e,arrow-up-right-from-square,
f090,arrow-right-to-bracket,
f091,trophy,
f093,upload,
f094,lemon,
f095,phone,
f096,square,
f097,bookmark,
f098,square-phone,
f09c,unlock,
f09d,credit-card,
f09e,rss,
f0a0,hard-drive,
f0a1,bullhorn,
f0a2,bell,
f0a3,certificate,
f0a4,hand-point-right,
f0a5,hand-point-left,
f0a6,hand-point-up,
f0a7,hand-point-down,
f0a8,circle-arrow-left,
f0a9,circle-arrow-right,
f0aa,circle-arrow-up,
f0ab,circle-arrow-down,
f0ac,globe,
f0ad,wrench,
f0ae,list-check,
f0b0,filter,
f0b1,briefcase,
f0b2,up-down-left-right,
f0c0,users,
f0c1,link,
f0c2,cloud,
f0c3,flask,
f0c4,scissors,
f0c5,copy,
f0c6,paperclip,
f0c7,floppy-disk,
f0c8,square,
f0c9,bars,
f0ca,list-ul,
f0cb,list-ol,
f0cc,strikethrough,
f0cd,underline,
f0ce,table,
f0d0,wand-magic,
f0d1,truck,
f0d6,money-bill,
f0d7,caret-down,
f0d8,caret-up,
f0d9,caret-left,
f0da,caret-right,
f0db,table-columns,
f0dc,sort,
f0dd,sort-down,
f0de,sort-up,
f0e0,envelope,
f0e2,arrow-rotate-left,
f0e3,gavel,
f0e4,gauge-simple-high,
f0e5,comment,
f0e6,comments,
f0e7,bolt,
f0e8,sitemap,
f0e9,umbrella,
f0ea,paste,
f0eb,lightbulb,
f0ec,arrow-right-arrow-left,
f0ed,cloud-arrow-down,
f0ee,cloud-arrow-up,
f0f0,user-doctor,
f0f1,stethoscope,
f0f2,suitcase,
f0f3,bell,
f0f4,mug-saucer,
f0f5,utensils,
f0f6,file-lines,
f0f7,building,
f0f8,hospital,
f0f9,truck-medical,
f0fa,suitcase-medical,
f0fb,jet-fighter,
f0fc,beer-mug-empty,
f0fd,square-h,
f0fe,square-plus,
f100,angles-left,
f101,angles-right,
f102,angles-up,
f103,angles-down,
f104,angle-left,
f105,angle-right,
f106,angle-up,
f107,angle-down,
f108,desktop,
f109,laptop,
f10a,tablet-button,
f10b,mobile-button,
f10c,circle,
f10d,quote-left,
f10e,quote-right,
f110,spinner,
f111,circle,
f112,reply,
f114,folder,
f115,folder-open,
f118,face-smile,
f119,face-frown,
f11a,face-meh,
f11b,gamepad,
f11c,keyboard,
f11d,flag,
f11e,flag-checkered,
f120,terminal,
f121,code,
f122,reply-all,
f123,star-half,
f124,location-arrow,
f125,crop,
f126,code-branch,
f127,link-slash,
f128,question,
f129,info,
f12a,exclamation,
f12b,superscript,
f12c,subscript,
f12d,eraser,
f12e,puzzle-piece,
f130,microphone,
f131,microphone-slash,
f132,shield,
f133,calendar,
f134,fire-extinguisher,
f135,rocket,
f137,circle-chevron-left,
f138,circle-chevron-right,
f139,circle-chevron-up,
f13a,circle-chevron-down,
f13d,anchor,
f13e,unlock-keyhole,
f140,bullseye,
f141,ellipsis,
f142,ellipsis-vertical,
f143,square-rss,
f144,circle-play,
f145,ticket,
f146,square-minus,
f147,square-minus,
f148,arrow-turn-up,
f149,arrow-turn-down,
f14a,square-check,
f14b,square-pen,
f14c,square-arrow-up-right,
f14d,share-from-square,
f14e,compass,
f150,square-caret-down,
f151,square-caret-up,
f152,square-caret-right,
f153,euro-sign,
f154,sterling-sign,
f155,dollar-sign,
f156,rupee-sign,
f157,yen-sign,
f158,ruble-sign,
f159,won-sign,
f15b,file,
f15c,file-lines,
f15d,arrow-down-a-z,
f15e,arrow-up-a-z,
f160,arrow-down-wide-short,
f161,arrow-up-wide-short,
f162,arrow-down-1-9,
f163,arrow-up-1-9,
f164,thumbs-up,
f165,thumbs-down,
f175,arrow-down-long,
f176,arrow-up-long,
f177,arrow-left-long,
f178,arrow-right-long,
f182,person-dress,
f183,person,
f185,sun,
f186,moon,
f187,box-archive,
f188,bug,
f18e,circle-right,
f190,circle-left,
f191,square-caret-left,
f192,circle-dot,
f193,wheelchair,
f195,lira-sign,
f196,square-plus,
f197,shuttle-space,
f199,square-envelope,
f19c,building-columns,
f19d,graduation-cap,
f1ab,language,
f1ac,fax,
f1ad,building,
f1ae,child,
f1b0,paw,
f1b1,spoon,
f1b2,cube,
f1b3,cubes,
f1b8,recycle,
f1b9,car,
f1ba,taxi,
f1bb,tree,
f1c0,database,
f1c1,file-pdf,
f1c2,file-word,
f1c3,file-excel,
f1c4,file-powerpoint,
f1c5,file-image,
f1c6,file-zipper,
f1c7,file-audio,
f1c8,file-video,
f1c9,file-code,
f1cd,life-ring,
f1ce,circle-notch,
f1d8,paper-plane,
f1d9,paper-plane,
f1da,clock-rotate-left,
f1db,circle,
f1dc,heading,
f1dd,paragraph,
f1de,sliders,
f1e0,share-nodes,
f1e1,square-share-nodes,
f1e2,bomb,
f1e3,futbol,
f1e4,tty,
f1e5,binoculars,
f1e6,plug,
f1ea,newspaper,
f1eb,wifi,
f1ec,calculator,
f1f6,bell-slash,
f1f7,bell-slash,
f1f8,trash,
f1f9,copyright,
f1fa,at,
f1fb,eye-dropper,
f1fc,paintbrush,
f1fd,cake-candles,
f1fe,chart-area,
f200,chart-pie,
f201,chart-line,
f204,toggle-off,
f205,toggle-on,
f206,bicycle,
f207,bus,
f20a,closed-captioning,
f20b,shekel-sign,
f217,cart-plus,
f218,cart-arrow-down,
f219,diamond,
f21a,ship,
f21b,user-secret,
f21c,motorcycle,
f21d,street-view,
f21e,heart-pulse,
f221,venus,
f222,mars,
f223,mercury,
f224,mars-and-venus,
f225,transgender,
f226,venus-double,
f227,mars-double,
f228,venus-mars,
f229,mars-stroke,
f22a,mars-stroke-up,
f22b,mars-stroke-right,
f22c,neuter,
f22d,genderless,
f233,server,
f234,user-plus,
f235,user-xmark,
f236,bed,
f238,train,
f239,train-subway,
f240,battery-full,
f241,battery-three-quarters,
f242,battery-half,
f243,battery-quarter,
f244,battery-empty,
f245,arrow-pointer,
f246,i-cursor,
f247,object-group,
f248,object-ungroup,
f249,note-sticky,
f24a,note-sticky,
f24d,clone,
f24e,scale-balanced,
f250,hourglass,
f251,hourglass-start,
f252,hourglass-half,
f253,hourglass-end,
f254,hourglass,
f255,hand-back-fist,
f256,hand,
f257,hand-scissors,
f258,hand-lizard,
f259,hand-spock,
f25a,hand-pointer,
f25b,hand-peace,
f25c,trademark,
f25d,registered,
f26c,tv,
f271,calendar-plus,
f272,calendar-minus,
f273,calendar-xmark,
f274,calendar-check,
f275,industry,
f276,map-pin,
f277,signs-post,
f278,map,
f279,map,
f27a,message,
f27b,comment-dots,
f283,credit-card,
f28b,circle-pause,
f28c,circle-pause,
f28d,circle-stop,
f28e,circle-stop,
f290,bag-shopping,
f291,basket-shopping,
f292,hashtag,
f293,bluetooth,
f295,percent,
f29a,universal-access,
f29c,circle-question,
f29d,person-walking-with-cane,
f29e,audio-description,
f2a0,phone-volume,
f2a1,braille,
f2a2,ear-listen,
f2a3,hands-asl-interpreting,
f2a4,ear-deaf,
f2a7,hands,
f2a8,eye-low-vision,
f2b4,font-awesome,
f2b5,handshake,
f2b6,envelope-open,
f2b7,envelope-open,
f2b9,address-book,
f2ba,address-book,
f2bb,address-card,
f2bc,address-card,
f2bd,circle-user,
f2be,circle-user,
f2c0,user,
f2c1,id-badge,
f2c2,id-card,
f2c3,id-card,
f2c7,temperature-full,
f2c8,temperature-three-quarters,
f2c9,temperature-half,
f2ca,temperature-quarter,
f2cb,temperature-empty,
f2cc,shower,
f2cd,bath,
f2ce,podcast,
f2d0,window-maximize,
f2d1,window-minimize,
f2d2,window-restore,
f2d3,square-xmark,
f2d4,rectangle-xmark,
f2db,microchip,
f2dc,snowflake,
f2e1,watch,
f2e2,volume-slash,
f2e3,fork,
f2e4,knife,
f2e5,spoon,
f2e6,fork-knife,
f2e7,utensils,
f2e8,circle-dollar,
f2e9,square-dollar,
f2ea,rotate-left,
f2eb,trophy-star,
f2ec,triangle,
f2ed,trash-can,
f2ee,hexagon-xmark,
f2f0,octagon-xmark,
f2f1,rotate,
f2f2,stopwatch,
f2f3,star-exclamation,
f2f4,spade,
f2f5,right-from-bracket,
f2f6,right-to-bracket,
f2f7,shield-check,
f2f8,scrubber,
f2f9,rotate-right,
f2fa,rectangle,
f2fb,rectangle-vertical,
f2fc,rectangle-wide,
f2fd,square-question,
f2fe,poo,
f300,hexagon-plus,
f301,octagon-plus,
f302,images,
f303,pencil,
f304,pen,
f305,pen-clip,
f306,octagon,
f307,hexagon-minus,
f308,octagon-minus,
f309,down-long,
f30a,left-long,
f30b,right-long,
f30c,up-long,
f30d,lock-keyhole,
f30e,jack-o-lantern,
f30f,square-info,
f310,inbox-in,
f311,inbox-out,
f312,hexagon,
f313,h1,
f314,h2,
f315,h3,
f316,file-check,
f317,file-xmark,
f318,file-minus,
f319,file-plus,
f31a,file-exclamation,
f31c,file-pen,
f31d,arrows-maximize,
f31e,maximize,
f320,expand-wide,
f321,square-exclamation,
f322,chevrons-down,
f323,chevrons-left,
f324,chevrons-right,
f325,chevrons-up,
f326,compress-wide,
f327,club,
f328,clipboard,
f329,square-chevron-down,
f32a,square-chevron-left,
f32b,square-chevron-right,
f32c,square-chevron-up,
f32d,circle-caret-down,
f32e,circle-caret-left,
f330,circle-caret-right,
f331,circle-caret-up,
f332,camera,
f333,calendar-pen,
f334,calendar-exclamation,
f335,badge,
f336,badge-check,
f337,left-right,
f338,up-down,
f339,square-arrow-down,
f33a,square-arrow-left,
f33b,square-arrow-right,
f33c,square-arrow-up,
f33d,arrow-down-to-line,
f33e,arrow-left-to-line,
f340,arrow-right-to-line,
f341,arrow-up-to-line,
f342,arrow-up-from-line,
f343,arrow-right-from-line,
f344,arrow-left-from-line,
f345,arrow-down-from-line,
f346,up-from-line,
f347,right-from-line,
f348,left-from-line,
f349,down-from-line,
f34a,down-to-line,
f34b,left-to-line,
f34c,right-to-line,
f34d,up-to-line,
f34e,alarm-clock,
f350,square-down,
f351,square-left,
f352,square-right,
f353,square-up,
f354,down,
f355,left,
f356,right,
f357,up,
f358,circle-down,
f359,circle-left,
f35a,circle-right,
f35b,circle-up,
f35d,up-right-from-square,
f360,square-up-right,
f361,arrows-retweet,
f362,right-left,
f363,repeat,
f364,arrows-repeat,
f365,repeat-1,
f366,arrows-repeat-1,
f367,share-all,
f376,battery-bolt,
f377,battery-slash,
f37e,browser,
f381,cloud-arrow-down,
f382,cloud-arrow-up,
f386,code-commit,
f387,code-merge,
f389,credit-card-blank,
f38a,credit-card-front,
f390,desktop,
f39b,ellipsis-stroke,
f39c,ellipsis-stroke-vertical,
f3a0,film-simple,
f3a5,gem,
f3b3,industry-windows,
f3be,turn-down,
f3bf,turn-up,
f3c1,lock-open,
f3c2,lock-keyhole-open,
f3c5,location-dot,
f3c9,microphone-lines,
f3cd,mobile-screen-button,
f3ce,mobile,
f3cf,mobile-screen,
f3d1,money-bill-1,
f3dd,phone-slash,
f3de,plane-engines,
f3e0,image-portrait,
f3e5,reply,
f3ed,shield-halved,
f3f0,square-sliders,
f3f1,sliders-up,
f3f2,square-sliders-vertical,
f3f4,spinner-third,
f3fa,tablet-screen-button,
f3fb,tablet,
f3fc,tablet-screen,
f3fd,gauge-high,
f3ff,ticket-simple,
f400,tree-deciduous,
f401,tv-retro,
f406,user-large,
f40e,window,
f40f,window-flip,
f410,rectangle-xmark,
f422,down-left-and-up-right-to-center,
f424,up-right-and-down-left-from-center,
f425,font-awesome,
f432,baseball-bat-ball,
f433,baseball,
f434,basketball,
f435,basketball-hoop,
f436,bowling-ball,
f437,bowling-pins,
f438,boxing-glove,
f439,chess,
f43a,chess-bishop,
f43b,chess-bishop-piece,
f43c,chess-board,
f43d,chess-clock,
f43e,chess-clock-flip,
f43f,chess-king,
f440,chess-king-piece,
f441,chess-knight,
f442,chess-knight-piece,
f443,chess-pawn,
f444,chess-pawn-piece,
f445,chess-queen,
f446,chess-queen-piece,
f447,chess-rook,
f448,chess-rook-piece,
f449,cricket-bat-ball,
f44a,curling-stone,
f44b,dumbbell,
f44c,field-hockey-stick-ball,
f44e,football,
f44f,football-helmet,
f450,golf-ball-tee,
f451,golf-club,
f453,hockey-puck,
f454,hockey-sticks,
f455,luchador-mask,
f456,flag-pennant,
f458,broom-ball,
f45a,racquet,
f45b,shuttlecock,
f45c,square-full,
f45d,table-tennis-paddle-ball,
f45e,tennis-ball,
f45f,volleyball,
f460,whistle,
f461,hand-dots,
f462,bandage,
f463,rectangle-barcode,
f464,barcode-read,
f465,barcode-scan,
f466,box,
f467,box-check,
f468,boxes-stacked,
f469,briefcase-medical,
f46a,fire-flame-simple,
f46b,capsules,
f46c,clipboard-check,
f46d,clipboard-list,
f46e,conveyor-belt,
f46f,conveyor-belt-boxes,
f470,person-dots-from-line,
f471,dna,
f472,dolly,
f473,dolly-empty,
f474,cart-flatbed,
f475,cart-flatbed-boxes,
f476,cart-flatbed-empty,
f477,file-medical,
f478,file-waveform,
f479,kit-medical,
f47a,forklift,
f47b,hand-holding-box,
f47c,hands-holding-diamond,
f47d,hospital,
f47e,circle-h,
f47f,id-card-clip,
f480,shelves,
f481,notes-medical,
f482,pallet,
f483,pallet-boxes,
f484,pills,
f485,prescription-bottle,
f486,prescription-bottle-medical,
f487,bed-pulse,
f488,scanner-gun,
f489,scanner-keyboard,
f48a,scanner-touchscreen,
f48b,truck-fast,
f48c,truck-clock,
f48d,smoking,
f48e,syringe,
f48f,tablet-rugged,
f490,tablets,
f491,thermometer,
f492,vial,
f493,vials,
f494,warehouse,
f495,warehouse-full,
f496,weight-scale,
f497,x-ray,
f498,blanket,
f499,book-heart,
f49a,box-taped,
f49b,square-fragile,
f49c,box-open-full,
f49d,box-heart,
f49e,box-open,
f49f,square-this-way-up,
f4a0,box-dollar,
f4a1,boxes-stacked,
f4a2,message-check,
f4a3,message-dots,
f4a4,message-pen,
f4a5,message-exclamation,
f4a6,message-lines,
f4a7,message-minus,
f4a8,message-plus,
f4a9,message-slash,
f4aa,message-smile,
f4ab,message-xmark,
f4ac,comment-check,
f4ad,comment-dots,
f4ae,comment-pen,
f4af,comment-exclamation,
f4b0,comment-lines,
f4b1,comment-minus,
f4b2,comment-plus,
f4b3,comment-slash,
f4b4,comment-smile,
f4b5,comment-xmark,
f4b6,messages,
f4b7,container-storage,
f4b8,couch,
f4b9,circle-dollar-to-slot,
f4ba,dove,
f4bb,wine-glass-crack,
f4bc,hand-heart,
f4bd,hand-holding,
f4be,hand-holding-heart,
f4bf,hand-holding-seedling,
f4c0,hand-holding-dollar,
f4c1,hand-holding-droplet,
f4c2,hands-holding,
f4c3,hands-holding-heart,
f4c4,handshake-angle,
f4c5,hands-holding-dollar,
f4c6,handshake-simple,
f4c7,circle-heart,
f4c8,square-heart,
f4c9,house-heart,
f4ca,lamp,
f4cb,leaf-heart,
f4cc,loveseat,
f4cd,parachute-box,
f4ce,people-carry-box,
f4cf,person-carry-box,
f4d0,person-dolly,
f4d1,person-dolly-empty,
f4d2,phone-plus,
f4d3,piggy-bank,
f4d4,ramp-loading,
f4d6,ribbon,
f4d7,route,
f4d8,seedling,
f4d9,sign-hanging,
f4da,face-smile-wink,
f4db,tape,
f4dc,truck-container,
f4dd,truck-ramp-couch,
f4de,truck-ramp-box,
f4df,truck-moving,
f4e0,truck-ramp,
f4e1,video-plus,
f4e2,video-slash,
f4e3,wine-glass,
f4e6,font-awesome,
f4fa,user-large-slash,
f4fb,user-astronaut,
f4fc,user-check,
f4fd,user-clock,
f4fe,user-gear,
f4ff,user-pen,
f500,user-group,
f501,user-graduate,
f502,user-lock,
f503,user-minus,
f504,user-ninja,
f505,user-shield,
f506,user-slash,
f507,user-tag,
f508,user-tie,
f509,users-gear,
f515,scale-unbalanced,
f516,scale-unbalanced-flip,
f517,blender,
f518,book-open,
f519,tower-broadcast,
f51a,broom,
f51b,chalkboard,
f51c,chalkboard-user,
f51d,church,
f51e,coins,
f51f,compact-disc,
f520,crow,
f521,crown,
f522,dice,
f523,dice-five,
f524,dice-four,
f525,dice-one,
f526,dice-six,
f527,dice-three,
f528,dice-two,
f529,divide,
f52a,door-closed,
f52b,door-open,
f52c,equals,
f52d,feather,
f52e,frog,
f52f,gas-pump,
f530,glasses,
f531,greater-than,
f532,greater-than-equal,
f533,helicopter,
f534,infinity,
f535,kiwi-bird,
f536,less-than,
f537,less-than-equal,
f538,memory,
f539,microphone-lines-slash,
f53a,money-bill-wave,
f53b,money-bill-1-wave,
f53c,money-check,
f53d,money-check-dollar,
f53e,not-equal,
f53f,palette,
f540,square-parking,
f541,percent,
f542,diagram-project,
f543,receipt,
f544,robot,
f545,ruler,
f546,ruler-combined,
f547,ruler-horizontal,
f548,ruler-vertical,
f549,school,
f54a,screwdriver,
f54b,shoe-prints,
f54c,skull,
f54d,ban-smoking,
f54e,store,
f54f,shop,
f550,bars-staggered,
f551,stroopwafel,
f552,toolbox,
f553,shirt,
f554,person-walking,
f555,wallet,
f556,face-angry,
f557,archway,
f558,book-atlas,
f559,award,
f55a,delete-left,
f55b,bezier-curve,
f55c,bong,
f55d,brush,
f55e,bus-simple,
f55f,cannabis,
f560,check-double,
f561,martini-glass-citrus,
f562,bell-concierge,
f563,cookie,
f564,cookie-bite,
f565,crop-simple,
f566,tachograph-digital,
f567,face-dizzy,
f568,compass-drafting,
f569,drum,
f56a,drum-steelpan,
f56b,feather-pointed,
f56c,file-contract,
f56d,file-arrow-down,
f56e,file-export,
f56f,file-import,
f570,file-invoice,
f571,file-invoice-dollar,
f572,file-prescription,
f573,file-signature,
f574,file-arrow-up,
f575,fill,
f576,fill-drip,
f577,fingerprint,
f578,fish,
f579,face-flushed,
f57a,face-frown-open,
f57b,martini-glass,
f57c,earth-africa,
f57d,earth-americas,
f57e,earth-asia,
f57f,face-grimace,
f580,face-grin,
f581,face-grin-wide,
f582,face-grin-beam,
f583,face-grin-beam-sweat,
f584,face-grin-hearts,
f585,face-grin-squint,
f586,face-grin-squint-tears,
f587,face-grin-stars,
f588,face-grin-tears,
f589,face-grin-tongue,
f58a,face-grin-tongue-squint,
f58b,face-grin-tongue-wink,
f58c,face-grin-wink,
f58d,grip,
f58e,grip-vertical,
f58f,headphones-simple,
f590,headset,
f591,highlighter,
f593,hot-tub-person,
f594,hotel,
f595,joint,
f596,face-kiss,
f597,face-kiss-beam,
f598,face-kiss-wink-heart,
f599,face-laugh,
f59a,face-laugh-beam,
f59b,face-laugh-squint,
f59c,face-laugh-wink,
f59d,cart-flatbed-suitcase,
f59f,map-location,
f5a0,map-location-dot,
f5a1,marker,
f5a2,medal,
f5a4,face-meh-blank,
f5a5,face-rolling-eyes,
f5a6,monument,
f5a7,mortar-pestle,
f5a9,paintbrush-fine,
f5aa,paint-roller,
f5ab,passport,
f5ac,pen-fancy,
f5ad,pen-nib,
f5ae,pen-ruler,
f5af,plane-arrival,
f5b0,plane-departure,
f5b1,prescription,
f5b3,face-sad-cry,
f5b4,face-sad-tear,
f5b6,van-shuttle,
f5b7,signature,
f5b8,face-smile-beam,
f5b9,face-smile-plus,
f5ba,solar-panel,
f5bb,spa,
f5bc,splotch,
f5bd,spray-can,
f5bf,stamp,
f5c0,star-half-stroke,
f5c1,suitcase-rolling,
f5c2,face-surprise,
f5c3,swatchbook,
f5c4,person-swimming,
f5c5,water-ladder,
f5c7,droplet-slash,
f5c8,face-tired,
f5c9,tooth,
f5ca,umbrella-beach,
f5cb,vector-square,
f5cd,weight-hanging,
f5ce,wine-glass-empty,
f5d0,spray-can-sparkles,
f5d1,apple-whole,
f5d2,atom,
f5d3,atom-simple,
f5d4,backpack,
f5d5,bell-school,
f5d6,bell-school-slash,
f5d7,bone,
f5d8,bone-break,
f5d9,book-blank,
f5da,book-open-reader,
f5db,books,
f5dc,brain,
f5dd,bus-school,
f5de,car-rear,
f5df,car-battery,
f5e0,car-bump,
f5e1,car-burst,
f5e2,car-garage,
f5e3,car-wrench,
f5e4,car-side,
f5e5,car-tilt,
f5e6,car-wash,
f5e7,charging-station,
f5e8,clipboard-prescription,
f5e9,compass-slash,
f5ea,diploma,
f5eb,diamond-turn-right,
f5ec,do-not-enter,
f5ed,draw-circle,
f5ee,draw-polygon,
f5ef,draw-square,
f5f0,ear,
f5f2,engine-warning,
f5f3,file-certificate,
f5f4,gas-pump-slash,
f5f5,glasses-round,
f5f6,globe-stand,
f5f8,wave-pulse,
f5f9,inhaler,
f5fb,kidneys,
f5fc,laptop-code,
f5fd,layer-group,
f5fe,layer-minus,
f5ff,layer-plus,
f600,lips,
f601,location-crosshairs,
f602,circle-location-arrow,
f603,location-crosshairs-slash,
f604,lungs,
f605,location-dot-slash,
f606,location-check,
f607,location-pen,
f608,location-exclamation,
f609,location-minus,
f60a,location-plus,
f60b,location-question,
f60c,location-pin-slash,
f60d,location-smile,
f60e,location-xmark,
f610,microscope,
f611,monitor-waveform,
f613,oil-can,
f614,oil-temperature,
f615,circle-parking,
f616,ban-parking,
f617,square-parking-slash,
f618,pen-paintbrush,
f619,poop,
f61a,route-highway,
f61b,route-interstate,
f61c,ruler-triangle,
f61d,scalpel,
f61e,scalpel-line-dashed,
f61f,shapes,
f620,skeleton,
f621,star-of-life,
f622,steering-wheel,
f623,stomach,
f624,gauge,
f625,gauge-high,
f626,gauge-max,
f627,gauge-low,
f628,gauge-min,
f629,gauge-simple,
f62a,gauge-simple-high,
f62b,gauge-simple-max,
f62c,gauge-simple-low,
f62d,gauge-simple-min,
f62e,teeth,
f62f,teeth-open,
f630,masks-theater,
f631,tire,
f632,tire-flat,
f633,tire-pressure-warning,
f634,tire-rugged,
f635,toothbrush,
f636,traffic-cone,
f637,traffic-light,
f638,traffic-light-go,
f639,traffic-light-slow,
f63a,traffic-light-stop,
f63b,truck-monster,
f63c,truck-pickup,
f63d,screen-users,
f63e,watch-fitness,
f640,abacus,
f641,rectangle-ad,
f643,chart-mixed,
f644,ankh,
f645,badge-dollar,
f646,badge-percent,
f647,book-bible,
f648,bullseye-arrow,
f649,bullseye-pointer,
f64a,business-time,
f64b,cabinet-filing,
f64c,calculator-simple,
f64d,chart-line-down,
f64e,chart-pie-simple,
f64f,city,
f650,message-dollar,
f651,comment-dollar,
f652,messages-dollar,
f653,comments-dollar,
f654,cross,
f655,dharmachakra,
f656,empty-set,
f657,envelope-open-dollar,
f658,envelope-open-text,
f659,file-chart-column,
f65a,file-chart-pie,
f65b,file-spreadsheet,
f65c,file-user,
f65d,folder-minus,
f65e,folder-plus,
f65f,folder-xmark,
f660,folders,
f661,function,
f662,filter-circle-dollar,
f663,gift-card,
f664,gopuram,
f665,hamsa,
f666,bahai,
f667,integral,
f668,intersection,
f669,jedi,
f66a,book-journal-whills,
f66b,kaaba,
f66c,keynote,
f66d,khanda,
f66e,lambda,
f66f,landmark,
f670,lightbulb-dollar,
f671,lightbulb-exclamation,
f672,lightbulb-on,
f673,lightbulb-slash,
f674,envelopes-bulk,
f675,megaphone,
f676,menorah,
f677,brain-arrow-curved-right,
f678,mosque,
f679,om,
f67a,omega,
f67b,spaghetti-monster-flying,
f67c,peace,
f67d,phone-office,
f67e,pi,
f67f,place-of-worship,
f680,podium,
f681,square-poll-vertical,
f682,square-poll-horizontal,
f683,person-praying,
f684,hands-praying,
f685,presentation-screen,
f686,print-slash,
f687,book-quran,
f688,magnifying-glass-dollar,
f689,magnifying-glass-location,
f68a,shredder,
f68b,sigma,
f68c,signal-weak,
f68d,signal-fair,
f68e,signal-good,
f68f,signal-strong,
f690,signal-bars,
f691,signal-bars-weak,
f692,signal-bars-fair,
f693,signal-bars-good,
f694,signal-bars-slash,
f695,signal-slash,
f696,socks,
f697,square-root,
f698,square-root-variable,
f699,star-and-crescent,
f69a,star-of-david,
f69b,synagogue,
f69c,tally,
f69e,theta,
f69f,tilde,
f6a0,scroll-torah,
f6a1,torii-gate,
f6a2,union,
f6a3,chart-user,
f6a4,user-crown,
f6a5,user-group-crown,
f6a6,value-absolute,
f6a7,vihara,
f6a8,volume,
f6a9,volume-xmark,
f6aa,wifi-weak,
f6ab,wifi-fair,
f6ac,wifi-slash,
f6ad,yin-yang,
f6ae,acorn,
f6b0,alicorn,
f6b1,crate-apple,
f6b2,axe,
f6b3,axe-battle,
f6b4,badger-honey,
f6b5,bat,
f6b6,blender-phone,
f6b7,book-skull,
f6b8,book-sparkles,
f6b9,bow-arrow,
f6ba,campfire,
f6bb,campground,
f6bc,candle-holder,
f6bd,candy-corn,
f6be,cat,
f6bf,cauldron,
f6c0,chair,
f6c1,chair-office,
f6c2,claw-marks,
f6c3,cloud-moon,
f6c4,cloud-sun,
f6c5,cup-togo,
f6c6,coffin,
f6c7,corn,
f6c8,cow,
f6cb,dagger,
f6cd,dice-d10,
f6ce,dice-d12,
f6cf,dice-d20,
f6d0,dice-d4,
f6d1,dice-d6,
f6d2,dice-d8,
f6d3,dog,
f6d4,dog-leashed,
f6d5,dragon,
f6d6,drumstick,
f6d7,drumstick-bite,
f6d8,duck,
f6d9,dungeon,
f6da,elephant,
f6db,eye-evil,
f6dd,file-csv,
f6de,hand-fist,
f6df,fire-flame,
f6e0,flask-round-poison,
f6e1,flask-round-potion,
f6e2,ghost,
f6e3,hammer,
f6e4,hammer-war,
f6e5,hand-holding-magic,
f6e6,hanukiah,
f6e7,hat-witch,
f6e8,hat-wizard,
f6e9,head-side,
f6ea,head-side-goggles,
f6eb,helmet-battle,
f6ec,person-hiking,
f6ed,hippo,
f6ee,hockey-mask,
f6ef,hood-cloak,
f6f0,horse,
f6f1,house-chimney-crack,
f6f2,hryvnia-sign,
f6f3,key-skeleton,
f6f4,kite,
f6f5,knife-kitchen,
f6f6,leaf-maple,
f6f7,leaf-oak,
f6f8,mace,
f6f9,mandolin,
f6fa,mask,
f6fb,monkey,
f6fc,mountain,
f6fd,mountains,
f6fe,narwhal,
f6ff,network-wired,
f700,otter,
f701,paw-simple,
f702,paw-claws,
f703,pegasus,
f705,pie,
f706,pig,
f707,pumpkin,
f708,rabbit,
f709,rabbit-running,
f70a,ram,
f70b,ring,
f70c,person-running,
f70d,scarecrow,
f70e,scroll,
f70f,scroll-old,
f710,scythe,
f711,sheep,
f712,shield-cross,
f713,shovel,
f714,skull-crossbones,
f715,slash,
f716,snake,
f717,spider,
f718,spider-black-widow,
f719,spider-web,
f71a,squirrel,
f71b,staff,
f71c,sword,
f71d,swords,
f71e,toilet-paper,
f71f,toilet-paper-blank,
f720,tombstone,
f721,tombstone-blank,
f722,tractor,
f723,treasure-chest,
f724,trees,
f725,turkey,
f726,turtle,
f727,unicorn,
f728,user-injured,
f729,vr-cardboard,
f72a,wand,
f72b,wand-sparkles,
f72c,whale,
f72d,wheat,
f72e,wind,
f72f,wine-bottle,
f732,ballot,
f733,ballot-check,
f734,booth-curtain,
f735,box-ballot,
f736,calendar-star,
f737,clipboard-list-check,
f738,cloud-drizzle,
f739,cloud-hail,
f73a,cloud-hail-mixed,
f73b,cloud-meatball,
f73c,cloud-moon-rain,
f73d,cloud-rain,
f73e,cloud-rainbow,
f73f,cloud-showers,
f740,cloud-showers-heavy,
f741,cloud-sleet,
f742,cloud-snow,
f743,cloud-sun-rain,
f744,clouds,
f745,clouds-moon,
f746,clouds-sun,
f747,democrat,
f748,droplet-degree,
f749,eclipse,
f74a,moon-over-sun,
f74b,fire-smoke,
f74c,flag-swallowtail,
f74d,flag-usa,
f74e,cloud-fog,
f74f,house-water,
f750,droplet-percent,
f751,hurricane,
f752,landmark-dome,
f753,meteor,
f754,moon-cloud,
f755,moon-stars,
f756,person-booth,
f757,person-sign,
f758,podium-star,
f759,poll-people,
f75a,poo-storm,
f75b,rainbow,
f75c,raindrops,
f75e,republican,
f75f,smog,
f760,smoke,
f761,snow-blowing,
f762,stars,
f763,sun-cloud,
f764,sun-dust,
f765,sun-haze,
f766,sunrise,
f767,sunset,
f768,temperature-snow,
f769,temperature-high,
f76a,temperature-sun,
f76b,temperature-low,
f76c,cloud-bolt,
f76d,cloud-bolt-moon,
f76e,cloud-bolt-sun,
f76f,tornado,
f770,volcano,
f771,xmark-to-slot,
f772,check-to-slot,
f773,water,
f774,water-arrow-down,
f775,water-arrow-up,
f776,wind-warning,
f777,windsock,
f779,angel,
f77c,baby,
f77d,baby-carriage,
f77e,ball-pile,
f77f,bells,
f780,biohazard,
f781,blog,
f782,boot,
f783,calendar-day,
f784,calendar-week,
f786,candy-cane,
f787,carrot,
f788,cash-register,
f78a,chart-network,
f78b,chimney,
f78c,minimize,
f78e,deer,
f78f,deer-rudolph,
f792,dreidel,
f793,dumpster,
f794,dumpster-fire,
f795,ear-muffs,
f796,ethernet,
f79a,fireplace,
f79b,snowman-head,
f79c,gifts,
f79d,gingerbread-man,
f79e,champagne-glass,
f79f,champagne-glasses,
f7a0,whiskey-glass,
f7a1,whiskey-glass-ice,
f7a2,earth-europe,
f7a3,globe-snow,
f7a4,grip-lines,
f7a5,grip-lines-vertical,
f7a6,guitar,
f7a7,hat-santa,
f7a8,hat-winter,
f7a9,heart-crack,
f7aa,holly-berry,
f7ab,horse-head,
f7ac,ice-skate,
f7ad,icicles,
f7ae,igloo,
f7b2,lights-holiday,
f7b4,mistletoe,
f7b5,mitten,
f7b6,mug-hot,
f7b7,mug-marshmallows,
f7b8,ornament,
f7b9,radiation,
f7ba,circle-radiation,
f7bd,restroom,
f7be,rv,
f7bf,satellite,
f7c0,satellite-dish,
f7c1,scarf,
f7c2,sd-card,
f7c3,shovel-snow,
f7c4,sim-card,
f7c5,person-skating,
f7c7,person-ski-jumping,
f7c8,person-ski-lift,
f7c9,person-skiing,
f7ca,person-skiing-nordic,
f7cb,person-sledding,
f7cc,sleigh,
f7cd,comment-sms,
f7ce,person-snowboarding,
f7cf,snowflakes,
f7d0,snowman,
f7d1,person-snowmobiling,
f7d2,snowplow,
f7d4,star-christmas,
f7d5,stocking,
f7d7,tenge-sign,
f7d8,toilet,
f7d9,screwdriver-wrench,
f7da,cable-car,
f7db,tree-christmas,
f7dc,tree-decorated,
f7dd,tree-large,
f7de,truck-plow,
f7e2,wreath,
f7e4,fire-flame-curved,
f7e5,bacon,
f7e6,book-medical,
f7e7,book-user,
f7e8,books-medical,
f7e9,brackets-square,
f7ea,brackets-curly,
f7eb,bread-loaf,
f7ec,bread-slice,
f7ed,burrito,
f7ee,chart-scatter,
f7ef,cheese,
f7f0,cheese-swiss,
f7f1,burger-cheese,
f7f2,house-chimney-medical,
f7f3,clipboard-user,
f7f4,message-medical,
f7f5,comment-medical,
f7f6,croissant,
f7f7,crutch,
f7f8,crutches,
f7f9,ban-bug,
f7fa,disease,
f7fb,egg,
f7fc,egg-fried,
f7fd,files-medical,
f7fe,fish-cooked,
f7ff,flower,
f800,flower-daffodil,
f801,flower-tulip,
f802,folder-tree,
f803,french-fries,
f804,glass,
f805,burger,
f806,hand-middle-finger,
f807,helmet-safety,
f808,head-side-brain,
f809,head-side-medical,
f80a,house,
f80b,house-chimney,
f80c,house,
f80d,hospital-user,
f80e,hospitals,
f80f,hotdog,
f810,ice-cream,
f811,island-tropical,
f812,laptop-medical,
f813,mailbox,
f814,meat,
f815,pager,
f816,pepper-hot,
f817,pizza,
f818,pizza-slice,
f819,popcorn,
f81a,print-magnifying-glass,
f81b,rings-wedding,
f81c,sack,
f81d,sack-dollar,
f81e,salad,
f81f,sandwich,
f820,sausage,
f821,shish-kebab,
f822,sickle,
f823,bowl-hot,
f824,steak,
f825,stretcher,
f826,taco,
f827,book-tanakh,
f828,bars-progress,
f829,trash-arrow-up,
f82a,trash-can-arrow-up,
f82b,tree-palm,
f82c,user-helmet-safety,
f82d,user-headset,
f82e,user-doctor-message,
f82f,user-nurse,
f830,users-medical,
f831,walker,
f832,camera-web,
f833,camera-web-slash,
f83e,wave-square,
f843,alarm-exclamation,
f844,alarm-plus,
f845,alarm-snooze,
f846,align-slash,
f847,bags-shopping,
f848,bell-exclamation,
f849,bell-plus,
f84a,person-biking,
f84b,person-biking-mountain,
f84c,border-all,
f84d,border-bottom,
f84e,border-inner,
f84f,border-left,
f850,border-none,
f851,border-outer,
f852,border-right,
f853,border-top-left,
f854,border-bottom-right,
f855,border-top,
f856,bring-forward,
f857,bring-front,
f858,burger-soda,
f859,car-building,
f85a,car-bus,
f85b,cars,
f85c,coin,
f85d,triangle-person-digging,
f85e,person-digging,
f85f,drone,
f860,drone-front,
f861,dryer,
f862,dryer-heat,
f863,fan,
f864,farm,
f865,file-magnifying-glass,
f866,font-case,
f867,game-board,
f868,game-board-simple,
f869,glass-citrus,
f86a,h4,
f86b,hat-chef,
f86c,horizontal-rule,
f86d,icons,
f86e,symbols,
f86f,kerning,
f870,line-columns,
f871,line-height,
f872,money-check-pen,
f873,money-check-dollar-pen,
f874,mug,
f875,mug-tea,
f876,overline,
f877,file-dashed-line,
f878,paragraph-left,
f879,phone-flip,
f87a,laptop-mobile,
f87b,square-phone-flip,
f87c,photo-film,
f87d,text-slash,
f87e,send-back,
f87f,send-backward,
f880,snooze,
f881,arrow-down-z-a,
f882,arrow-up-z-a,
f883,arrow-down-arrow-up,
f884,arrow-down-short-wide,
f885,arrow-up-short-wide,
f886,arrow-down-9-1,
f887,arrow-up-9-1,
f888,arrow-down-triangle-square,
f889,arrow-down-square-triangle,
f88a,arrow-up-triangle-square,
f88b,arrow-up-square-triangle,
f88c,arrow-down-big-small,
f88d,arrow-down-small-big,
f88e,arrow-up-big-small,
f88f,arrow-up-small-big,
f890,sparkles,
f891,spell-check,
f892,sunglasses,
f893,text,
f894,text-size,
f895,trash-undo,
f896,trash-can-undo,
f897,voicemail,
f898,washing-machine,
f899,wave-sine,
f89a,wave-triangle,
f89b,wind-turbine,
f89c,border-center-h,
f89d,border-center-v,
f89f,album,
f8a0,album-collection,
f8a1,amp-guitar,
f8a2,badge-sheriff,
f8a3,banjo,
f8a4,cassette-betamax,
f8a5,boombox,
f8a7,cactus,
f8a8,camcorder,
f8a9,camera-movie,
f8aa,camera-polaroid,
f8ab,cassette-tape,
f8ac,camera-cctv,
f8ad,clarinet,
f8ae,cloud-music,
f8af,message-music,
f8b0,comment-music,
f8b1,computer-classic,
f8b2,computer-speaker,
f8b3,cowbell,
f8b4,cowbell-circle-plus,
f8b5,disc-drive,
f8b6,file-music,
f8b7,film-canister,
f8b8,flashlight,
f8b9,flute,
f8ba,flux-capacitor,
f8bb,game-console-handheld,
f8bc,gamepad-modern,
f8bd,gramophone,
f8be,guitar-electric,
f8bf,guitars,
f8c0,hat-cowboy,
f8c1,hat-cowboy-side,
f8c2,head-side-headphones,
f8c3,horse-saddle,
f8c4,image-polaroid,
f8c5,joystick,
f8c6,jug,
f8c7,kazoo,
f8c8,lasso,
f8c9,list-music,
f8cb,microphone-stand,
f8cc,computer-mouse,
f8cd,computer-mouse-scrollwheel,
f8ce,mp3-player,
f8cf,music-note,
f8d0,music-note-slash,
f8d1,music-slash,
f8d3,phone-rotary,
f8d4,piano,
f8d5,piano-keyboard,
f8d6,projector,
f8d7,radio,
f8d8,radio-tuner,
f8d9,record-vinyl,
f8da,router,
f8db,saxophone-fire,
f8dc,saxophone,
f8dd,signal-stream,
f8de,skull-cow,
f8df,speaker,
f8e0,speakers,
f8e2,triangle-instrument,
f8e3,trumpet,
f8e4,turntable,
f8e5,tv,
f8e6,tv-music,
f8e7,typewriter,
f8e9,usb-drive,
f8ea,user-cowboy,
f8eb,user-music,
f8ec,cassette-vhs,
f8ed,violin,
f8ee,wagon-covered,
f8ef,walkie-talkie,
f8f0,watch-calculator,
f8f1,waveform,
f8f2,waveform-lines,
f8f3,scanner-image,
f8f4,air-conditioner,
f8f5,alien,
f8f6,alien-8bit,
f8f7,bed-front,
f8f8,bed-bunk,
f8f9,bed-empty,
f8fa,bell-on,
f8fb,blinds,
f8fc,blinds-open,
f8fd,blinds-raised,
f8fe,camera-security,
f8ff,caravan,
1f17f,square-parking,🅿
1f305,sunrise,🌅
1f307,sunset,🌇
1f308,rainbow,🌈
1f30b,volcano,🌋
1f30d,earth-africa,🌍
1f30e,earth-americas,🌎
1f30f,earth-asia,🌏
1f310,globe,🌐
1f319,moon,🌙
1f320,star-shooting,🌠
1f321,temperature-half,🌡
1f324,sun-cloud,🌤
1f326,cloud-sun-rain,🌦
1f327,cloud-rain,🌧
1f328,cloud-snow,🌨
1f329,cloud-bolt,🌩
1f32a,tornado,🌪
1f32b,cloud-fog,🌫
1f32d,hotdog,🌭
1f32e,taco,🌮
1f32f,burrito,🌯
1f330,chestnut,🌰
1f331,seedling,🌱
1f332,tree,🌲
1f333,tree-deciduous,🌳
1f334,tree-palm,🌴
1f335,cactus,🌵
1f336,pepper-hot,🌶
1f337,flower-tulip,🌷
1f33c,flower,🌼
1f33d,corn,🌽
1f341,leaf-maple,🍁
1f344,mushroom,🍄
1f345,bowl-scoops,🍅
1f34b,lemon,🍋
1f34e,apple-whole,🍎
1f34f,apple-whole,🍏
1f354,burger-cheese,🍔
1f355,pizza,🍕
1f356,meat,🍖
1f357,drumstick,🍗
1f35e,bread-loaf,🍞
1f35f,french-fries,🍟
1f363,sushi,🍣
1f366,soft-serve,🍦
1f367,bowl-scoop,🍧
1f368,ice-cream,🍨
1f369,donut,🍩
1f36a,cookie,🍪
1f36b,candy-bar,🍫
1f36c,candy,🍬
1f36d,lollipop,🍭
1f36e,custard,🍮
1f36f,honey-pot,🍯
1f370,cake-slice,🍰
1f372,pot-food,🍲
1f373,pan-frying,🍳
1f374,utensils,🍴
1f377,wine-glass,🍷
1f378,martini-glass,🍸
1f37f,popcorn,🍿
1f381,gift,🎁
1f382,cake-candles,🎂
1f383,jack-o-lantern,🎃
1f384,tree-christmas,🎄
1f392,backpack,🎒
1f393,graduation-cap,🎓
1f397,ribbon,🎗
1f399,microphone-lines,🎙
1f39e,film,🎞
1f39f,ticket,🎟
1f3a4,microphone-stand,🎤
1f3a5,camera-movie,🎥
1f3a6,camera-movie,🎦
1f3a7,headphones,🎧
1f3a8,palette,🎨
1f3ad,masks-theater,🎭
1f3ae,gamepad-modern,🎮
1f3af,bullseye-arrow,🎯
1f3b2,dice,🎲
1f3b5,music,🎵
1f3b7,saxophone,🎷
1f3b8,guitar-electric,🎸
1f3b9,piano-keyboard,🎹
1f3ba,trumpet,🎺
1f3bb,violin,🎻
1f3be,tennis-ball,🎾
1f3c0,basketball,🏀
1f3c1,flag-checkered,🏁
1f3c2,person-snowboarding,🏂
1f3c3,person-running,🏃
1f3c5,medal,🏅
1f3c6,trophy,🏆
1f3c8,football,🏈
1f3ca,person-swimming,🏊
1f3cd,motorcycle,🏍
1f3cf,cricket-bat-ball,🏏
1f3d0,volleyball,🏐
1f3d1,field-hockey-stick-ball,🏑
1f3d3,table-tennis-paddle-ball,🏓
1f3d4,mountain,🏔
1f3d6,umbrella-beach,🏖
1f3d9,city,🏙
1f3db,landmark,🏛
1f3dd,island-tropical,🏝
1f3e0,house,🏠
1f3e2,building,🏢
1f3e5,hospital,🏥
1f3e8,hotel,🏨
1f3eb,school,🏫
1f3ed,industry-windows,🏭
1f3f4,flag,🏴
1f3f7,tag,🏷
1f3f9,bow-arrow,🏹
1f404,cow,🐄
1f407,rabbit,🐇
1f408,cat,🐈
1f409,dragon,🐉
1f40b,whale,🐋
1f40d,snake,🐍
1f40e,horse,🐎
1f40f,ram,🐏
1f411,sheep,🐑
1f412,monkey,🐒
1f415,dog,🐕
1f416,pig,🐖
1f418,elephant,🐘
1f41f,fish,🐟
1f422,turtle,🐢
1f441,eye,👁
1f442,ear,👂
1f444,lips,👄
1f44d,thumbs-up,👍
1f44e,thumbs-down,👎
1f451,crown,👑
1f453,glasses-round,👓
1f455,shirt,👕
1f464,user,👤
1f465,user-group,👥
1f477,user-helmet-safety,👷
1f47b,ghost,👻
1f47d,alien,👽
1f47e,alien-8bit,👾
1f480,skull,💀
1f489,syringe,💉
1f48e,gem,💎
1f494,heart-crack,💔
1f499,heart,💙
1f49a,heart,💚
1f49b,heart,💛
1f49c,heart,💜
1f49f,square-heart,💟
1f4a1,lightbulb,💡
1f4a3,bomb,💣
1f4a4,snooze,💤
1f4a7,droplet,💧
1f4a9,poo,💩
1f4ac,comment-dots,💬
1f4af,hundred-points,💯
1f4b0,sack-dollar,💰
1f4b2,dollar-sign,💲
1f4b3,credit-card,💳
1f4bb,laptop,💻
1f4bc,briefcase,💼
1f4bd,album,💽
1f4be,floppy-disk,💾
1f4bf,compact-disc,💿
1f4c0,compact-disc,📀
1f4c1,folder,📁
1f4c2,folder-open,📂
1f4c4,file,📄
1f4c5,calendar,📅
1f4c6,calendar,📆
1f4c9,chart-line-down,📉
1f4cb,clipboard,📋
1f4cc,thumbtack,📌
1f4cd,map-pin,📍
1f4ce,paperclip,📎
1f4cf,ruler,📏
1f4d0,ruler-triangle,📐
1f4d4,book,📔
1f4d5,book-blank,📕
1f4d6,book-open,📖
1f4d7,book-blank,📗
1f4d8,book-blank,📘
1f4d9,book-blank,📙
1f4da,books,📚
1f4dc,scroll,📜
1f4dd,file-pen,📝
1f4de,phone,📞
1f4df,pager,📟
1f4e0,fax,📠
1f4e1,satellite-dish,📡
1f4e2,bullhorn,📢
1f4e3,megaphone,📣
1f4e4,inbox-out,📤
1f4e5,inbox-in,📥
1f4e6,box,📦
1f4ea,mailbox,📪
1f4f0,newspaper,📰
1f4f1,mobile,📱
1f4f6,signal,📶
1f4f7,camera-retro,📷
1f4f9,camcorder,📹
1f4fa,tv-retro,📺
1f4fb,radio,📻
1f4fc,cassette-vhs,📼
1f4fe,boombox,📾
1f500,shuffle,🔀
1f501,repeat,🔁
1f502,repeat-1,🔂
1f504,rotate,🔄
1f507,volume-slash,🔇
1f508,volume-low,🔈
1f509,volume,🔉
1f50a,volume-high,🔊
1f50b,battery-full,🔋
1f50c,plug,🔌
1f50d,magnifying-glass,🔍
1f511,key,🔑
1f512,lock,🔒
1f513,unlock,🔓
1f514,bell,🔔
1f515,bell-slash,🔕
1f516,bookmark,🔖
1f517,link,🔗
1f518,circle-dot,🔘
1f523,symbols,🔣
1f525,fire,🔥
1f526,flashlight,🔦
1f527,wrench,🔧
1f528,hammer,🔨
1f52a,knife-kitchen,🔪
1f52c,microscope,🔬
1f52d,telescope,🔭
1f534,circle,🔴
1f535,circle,🔵
1f547,cross,🕇
1f549,om,🕉
1f54a,dove,🕊
1f54b,kaaba,🕋
1f54c,mosque,🕌
1f54d,synagogue,🕍
1f54e,hanukiah,🕎
1f553,clock,🕓
1f56b,bullhorn,🕫
1f56d,bell-on,🕭
1f56e,book-open,🕮
1f56f,candle-holder,🕯
1f571,skull-crossbones,🕱
1f575,user-secret,🕵
1f576,sunglasses,🕶
1f577,spider,🕷
1f578,spider-web,🕸
1f579,joystick,🕹
1f57b,phone,🕻
1f57d,phone-flip,🕽
1f582,envelope,🖂
1f588,thumbtack,🖈
1f58a,pen,🖊
1f58b,pen-fancy,🖋
1f58c,paintbrush,🖌
1f595,hand-middle-finger,🖕
1f596,hand-spock,🖖
1f5a4,heart,🖤
1f5a5,desktop,🖥
1f5a8,print,🖨
1f5a9,calculator,🖩
1f5aa,floppy-disk,🖪
1f5ad,cassette-tape,🖭
1f5b1,computer-mouse,🖱
1f5b4,hard-drive,🖴
1f5b6,print,🖶
1f5b7,fax,🖷
1f5b8,compact-disc,🖸
1f5b9,file-lines,🖹
1f5bb,file-image,🖻
1f5bf,folder,🖿
1f5c1,folder-open,🗁
1f5c4,cabinet-filing,🗄
1f5cb,file,🗋
1f5ce,file-lines,🗎
1f5d4,browser,🗔
1f5d5,window-minimize,🗕
1f5d6,window-maximize,🗖
1f5d8,arrows-rotate,🗘
1f5d9,xmark,🗙
1f5dd,key-skeleton,🗝
1f5e1,sword,🗡
1f5e2,lips,🗢
1f5e9,comment,🗩
1f5ea,comments,🗪
1f5f3,box-ballot,🗳
1f5fa,map,🗺
1f600,face-grin,😀
1f601,face-laugh-beam,😁
1f602,face-grin-tears,😂
1f603,face-grin-wide,😃
1f604,face-grin-beam,😄
1f605,face-grin-beam-sweat,😅
1f606,face-grin-squint,😆
1f609,face-smile-wink,😉
1f60a,face-smile-beam,😊
1f60d,face-grin-hearts,😍
1f610,face-meh,😐
1f617,face-kiss,😗
1f618,face-kiss-wink-heart,😘
1f619,face-kiss-beam,😙
1f61b,face-grin-tongue,😛
1f61c,face-grin-tongue-wink,😜
1f61d,face-grin-tongue-squint,😝
1f620,face-angry,😠
1f622,face-sad-tear,😢
1f626,face-frown-open,😦
1f62b,face-tired,😫
1f62c,face-grimace,😬
1f62d,face-sad-cry,😭
1f62e,face-surprise,😮
1f633,face-flushed,😳
1f636,face-meh-blank,😶
1f642,face-smile,🙂
1f644,face-rolling-eyes,🙄
1f680,rocket-launch,🚀
1f681,helicopter,🚁
1f686,train,🚆
1f68a,train-tram,🚊
1f68d,bus,🚍
1f690,van-shuttle,🚐
1f691,truck-medical,🚑
1f696,taxi,🚖
1f697,car-side,🚗
1f698,car,🚘
1f69a,truck,🚚
1f69c,tractor,🚜
1f6a1,cable-car,🚡
1f6a2,ship,🚢
1f6a6,traffic-light,🚦
1f6a9,flag-pennant,🚩
1f6aa,door-closed,🚪
1f6ab,ban,🚫
1f6ac,smoking,🚬
1f6ad,ban-smoking,🚭
1f6b0,faucet-drip,🚰
1f6b2,bicycle,🚲
1f6b4,person-biking,🚴
1f6b5,person-biking-mountain,🚵
1f6b6,person-walking,🚶
1f6bd,toilet,🚽
1f6bf,shower,🚿
1f6c1,bath,🛁
1f6cc,bed,🛌
1f6cd,bags-shopping,🛍
1f6ce,bell-concierge,🛎
1f6cf,bed-empty,🛏
1f6d0,person-praying,🛐
1f6d1,octagon,🛑
1f6d2,cart-shopping,🛒
1f6e1,shield,🛡
1f6e3,road,🛣
1f6eb,plane-departure,🛫
1f6ec,plane-arrival,🛬
1f6f0,satellite,🛰
1f6f8,ufo,🛸
1f6fb,truck-pickup,🛻
1f7e0,circle,🟠
1f7e1,circle,🟡
1f7e2,circle,🟢
1f7e3,circle,🟣
1f7e4,circle,🟤
1f7e5,square-full,🟥
1f7e6,square-full,🟦
1f7e7,square-full,🟧
1f7e8,square-full,🟨
1f7e9,square-full,🟩
1f7ea,square-full,🟪
1f7eb,square-full,🟫
1f90d,heart,🤍
1f90e,heart,🤎
1f916,robot,🤖
1f91a,hand,🤚
1f91d,handshake-simple,🤝
1f923,face-grin-squint-tears,🤣
1f929,face-grin-stars,🤩
1f92d,face-beam-hand-over-mouth,🤭
1f941,drum,🥁
1f942,champagne-glasses,🥂
1f943,whiskey-glass,🥃
1f944,spoon,🥄
1f94a,boxing-glove,🥊
1f94c,curling-stone,🥌
1f94e,baseball,🥎
1f950,croissant,🥐
1f952,cucumber,🥒
1f953,bacon,🥓
1f954,potato,🥔
1f955,carrot,🥕
1f956,baguette,🥖
1f957,salad,🥗
1f958,pan-food,🥘
1f959,flatbread-stuffed,🥙
1f95a,egg,🥚
1f95b,glass,🥛
1f95c,peanuts,🥜
1f95e,pancakes,🥞
1f963,bowl-spoon,🥣
1f964,cup-straw,🥤
1f966,broccoli,🥦
1f967,pie,🥧
1f968,pretzel,🥨
1f969,steak,🥩
1f96a,sandwich,🥪
1f96b,can-food,🥫
1f96c,leafy-green,🥬
1f96f,bagel,🥯
1f977,user-ninja,🥷
1f979,face-holding-back-tears,🥹
1f97e,boot,🥾
1f980,crab,🦀
1f984,unicorn,🦄
1f986,duck,🦆
1f98c,deer,🦌
1f990,shrimp,🦐
1f991,squid,🦑
1f99b,hippo,🦛
1f99e,lobster,🦞
1f9a1,badger-honey,🦡
1f9a6,otter,🦦
1f9ae,dog-leashed,🦮
1f9b4,bone,🦴
1f9b7,tooth,🦷
1f9c0,cheese-swiss,🧀
1f9c1,cupcake,🧁
1f9c2,salt-shaker,🧂
1f9c4,garlic,🧄
1f9c5,onion,🧅
1f9c6,falafel,🧆
1f9c7,waffle,🧇
1f9c8,butter,🧈
1f9cd,person,🧍
1f9e0,brain,🧠
1f9e1,heart,🧡
1f9e3,scarf,🧣
1f9e6,socks,🧦
1f9e9,puzzle-piece,🧩
1f9ea,vial,🧪
1f9ec,dna,🧬
1f9ed,compass,🧭
1f9ee,abacus,🧮
1f9ef,fire-extinguisher,🧯
1f9f0,toolbox,🧰
1f9f2,magnet,🧲
1f9f3,suitcase,🧳
1f9f9,broom,🧹
1f9fb,toilet-paper,🧻
1f9fc,soap,🧼
1f9fe,receipt,🧾
1fa79,bandage,🩹
1fa7a,stethoscope,🩺
1fa81,kite,🪁
1fa90,planet-ringed,🪐
1fa91,chair,🪑
1fa93,axe,🪓
1fa95,banjo,🪕
1fa99,coin,🪙
1fa9b,screwdriver,🪛
1fa9f,window-frame,🪟
1faa5,toothbrush,🪥
1faa6,tombstone-blank,🪦
1fab6,feather,🪶
1fac1,lungs,🫁
1fad1,pepper,🫑
1fad3,flatbread,🫓
1fad4,tamale,🫔
1fad5,fondue-pot,🫕
1fae0,face-melting,🫠
1fae1,face-saluting,🫡
1fae2,face-hand-over-mouth,🫢
1fae3,face-hand-peeking,🫣
1fae4,face-diagonal-mouth,🫤
